point_id_yr,column,action,original_value,new_value
MAN_000_2019,bulk_density_cg_per_cm3,imputed_taluk_median,NaN,139.0
MAN_000_2020,bulk_density_cg_per_cm3,imputed_taluk_median,NaN,139.0
MAN_000_2021,bulk_density_cg_per_cm3,imputed_taluk_median,NaN,139.0
MAN_000_2022,bulk_density_cg_per_cm3,imputed_taluk_median,NaN,139.0
MAN_000_2023,bulk_density_cg_per_cm3,imputed_taluk_median,NaN,139.0
SHO_000_2019,bulk_density_cg_per_cm3,imputed_taluk_median,NaN,139.0
SHO_000_2020,bulk_density_cg_per_cm3,imputed_taluk_median,NaN,139.0
SHO_000_2021,bulk_density_cg_per_cm3,imputed_taluk_median,NaN,139.0
SHO_000_2022,bulk_density_cg_per_cm3,imputed_taluk_median,NaN,139.0
SHO_000_2023,bulk_density_cg_per_cm3,imputed_taluk_median,NaN,139.0
CHI_000_2019,ndvi_annual_std,filled_zero_single_obs,NaN,0.0
CHI_000_2020,ndvi_annual_std,filled_zero_single_obs,NaN,0.0
CHI_000_2021,ndvi_annual_std,filled_zero_single_obs,NaN,0.0
CHI_000_2022,ndvi_annual_std,filled_zero_single_obs,NaN,0.0
CHI_000_2023,ndvi_annual_std,filled_zero_single_obs,NaN,0.0
ATH_000_2019,ndvi_annual_std,filled_zero_single_obs,NaN,0.0
ATH_000_2020,ndvi_annual_std,filled_zero_single_obs,NaN,0.0
ATH_000_2021,ndvi_annual_std,filled_zero_single_obs,NaN,0.0
ATH_000_2022,ndvi_annual_std,filled_zero_single_obs,NaN,0.0
ATH_000_2023,ndvi_annual_std,filled_zero_single_obs,NaN,0.0
RAI_000_2019,ndvi_annual_std,filled_zero_single_obs,NaN,0.0
RAI_000_2020,ndvi_annual_std,filled_zero_single_obs,NaN,0.0
RAI_000_2021,ndvi_annual_std,filled_zero_single_obs,NaN,0.0
RAI_000_2022,ndvi_annual_std,filled_zero_single_obs,NaN,0.0
RAI_000_2023,ndvi_annual_std,filled_zero_single_obs,NaN,0.0
GOK_000_2019,ndvi_annual_std,filled_zero_single_obs,NaN,0.0
GOK_000_2020,ndvi_annual_std,filled_zero_single_obs,NaN,0.0
GOK_000_2021,ndvi_annual_std,filled_zero_single_obs,NaN,0.0
GOK_000_2022,ndvi_annual_std,filled_zero_single_obs,NaN,0.0
GOK_000_2023,ndvi_annual_std,filled_zero_single_obs,NaN,0.0
HUK_000_2019,ndvi_annual_std,filled_zero_single_obs,NaN,0.0
HUK_000_2020,ndvi_annual_std,filled_zero_single_obs,NaN,0.0
HUK_000_2021,ndvi_annual_std,filled_zero_single_obs,NaN,0.0
HUK_000_2022,ndvi_annual_std,filled_zero_single_obs,NaN,0.0
HUK_000_2023,ndvi_annual_std,filled_zero_single_obs,NaN,0.0
BEL_000_2019,ndvi_annual_std,filled_zero_single_obs,NaN,0.0
BEL_000_2020,ndvi_annual_std,filled_zero_single_obs,NaN,0.0
BEL_000_2021,ndvi_annual_std,filled_zero_single_obs,NaN,0.0
BEL_000_2022,ndvi_annual_std,filled_zero_single_obs,NaN,0.0
BEL_000_2023,ndvi_annual_std,filled_zero_single_obs,NaN,0.0
KHA_000_2019,ndvi_annual_std,filled_zero_single_obs,NaN,0.0
KHA_000_2020,ndvi_annual_std,filled_zero_single_obs,NaN,0.0
KHA_000_2021,ndvi_annual_std,filled_zero_single_obs,NaN,0.0
KHA_000_2022,ndvi_annual_std,filled_zero_single_obs,NaN,0.0
KHA_000_2023,ndvi_annual_std,filled_zero_single_obs,NaN,0.0
SAV_000_2019,ndvi_annual_std,filled_zero_single_obs,NaN,0.0
SAV_000_2020,ndvi_annual_std,filled_zero_single_obs,NaN,0.0
SAV_000_2021,ndvi_annual_std,filled_zero_single_obs,NaN,0.0
SAV_000_2022,ndvi_annual_std,filled_zero_single_obs,NaN,0.0
SAV_000_2023,ndvi_annual_std,filled_zero_single_obs,NaN,0.0
BAI_000_2019,ndvi_annual_std,filled_zero_single_obs,NaN,0.0
BAI_000_2020,ndvi_annual_std,filled_zero_single_obs,NaN,0.0
BAI_000_2021,ndvi_annual_std,filled_zero_single_obs,NaN,0.0
BAI_000_2022,ndvi_annual_std,filled_zero_single_obs,NaN,0.0
BAI_000_2023,ndvi_annual_std,filled_zero_single_obs,NaN,0.0
RAM_000_2019,ndvi_annual_std,filled_zero_single_obs,NaN,0.0
RAM_000_2020,ndvi_annual_std,filled_zero_single_obs,NaN,0.0
RAM_000_2021,ndvi_annual_std,filled_zero_single_obs,NaN,0.0
RAM_000_2022,ndvi_annual_std,filled_zero_single_obs,NaN,0.0
RAM_000_2023,ndvi_annual_std,filled_zero_single_obs,NaN,0.0
KIT_000_2019,ndvi_annual_std,filled_zero_single_obs,NaN,0.0
KIT_000_2020,ndvi_annual_std,filled_zero_single_obs,NaN,0.0
KIT_000_2021,ndvi_annual_std,filled_zero_single_obs,NaN,0.0
KIT_000_2022,ndvi_annual_std,filled_zero_single_obs,NaN,0.0
KIT_000_2023,ndvi_annual_std,filled_zero_single_obs,NaN,0.0
NIP_000_2019,ndvi_annual_std,filled_zero_single_obs,NaN,0.0
NIP_000_2020,ndvi_annual_std,filled_zero_single_obs,NaN,0.0
NIP_000_2021,ndvi_annual_std,filled_zero_single_obs,NaN,0.0
NIP_000_2022,ndvi_annual_std,filled_zero_single_obs,NaN,0.0
NIP_000_2023,ndvi_annual_std,filled_zero_single_obs,NaN,0.0
KAG_000_2019,ndvi_annual_std,filled_zero_single_obs,NaN,0.0
KAG_000_2020,ndvi_annual_std,filled_zero_single_obs,NaN,0.0
KAG_000_2021,ndvi_annual_std,filled_zero_single_obs,NaN,0.0
KAG_000_2022,ndvi_annual_std,filled_zero_single_obs,NaN,0.0
KAG_000_2023,ndvi_annual_std,filled_zero_single_obs,NaN,0.0
MUD_000_2019,ndvi_annual_std,filled_zero_single_obs,NaN,0.0
MUD_000_2020,ndvi_annual_std,filled_zero_single_obs,NaN,0.0
MUD_000_2021,ndvi_annual_std,filled_zero_single_obs,NaN,0.0
MUD_000_2022,ndvi_annual_std,filled_zero_single_obs,NaN,0.0
MUD_000_2023,ndvi_annual_std,filled_zero_single_obs,NaN,0.0
JAM_000_2019,ndvi_annual_std,filled_zero_single_obs,NaN,0.0
JAM_000_2020,ndvi_annual_std,filled_zero_single_obs,NaN,0.0
JAM_000_2021,ndvi_annual_std,filled_zero_single_obs,NaN,0.0
JAM_000_2022,ndvi_annual_std,filled_zero_single_obs,NaN,0.0
JAM_000_2023,ndvi_annual_std,filled_zero_single_obs,NaN,0.0
BIL_000_2019,ndvi_annual_std,filled_zero_single_obs,NaN,0.0
BIL_000_2020,ndvi_annual_std,filled_zero_single_obs,NaN,0.0
BIL_000_2021,ndvi_annual_std,filled_zero_single_obs,NaN,0.0
BIL_000_2022,ndvi_annual_std,filled_zero_single_obs,NaN,0.0
BIL_000_2023,ndvi_annual_std,filled_zero_single_obs,NaN,0.0
MUD_000_2019,ndvi_annual_std,filled_zero_single_obs,NaN,0.0
MUD_000_2020,ndvi_annual_std,filled_zero_single_obs,NaN,0.0
MUD_000_2021,ndvi_annual_std,filled_zero_single_obs,NaN,0.0
MUD_000_2022,ndvi_annual_std,filled_zero_single_obs,NaN,0.0
MUD_000_2023,ndvi_annual_std,filled_zero_single_obs,NaN,0.0
BAD_000_2019,ndvi_annual_std,filled_zero_single_obs,NaN,0.0
BAD_000_2020,ndvi_annual_std,filled_zero_single_obs,NaN,0.0
BAD_000_2021,ndvi_annual_std,filled_zero_single_obs,NaN,0.0
BAD_000_2022,ndvi_annual_std,filled_zero_single_obs,NaN,0.0
BAD_000_2023,ndvi_annual_std,filled_zero_single_obs,NaN,0.0
BAG_001_2019,ndvi_annual_std,filled_zero_single_obs,NaN,0.0
BAG_001_2020,ndvi_annual_std,filled_zero_single_obs,NaN,0.0
BAG_001_2021,ndvi_annual_std,filled_zero_single_obs,NaN,0.0
BAG_001_2022,ndvi_annual_std,filled_zero_single_obs,NaN,0.0
BAG_001_2023,ndvi_annual_std,filled_zero_single_obs,NaN,0.0
HUN_000_2019,ndvi_annual_std,filled_zero_single_obs,NaN,0.0
HUN_000_2020,ndvi_annual_std,filled_zero_single_obs,NaN,0.0
HUN_000_2021,ndvi_annual_std,filled_zero_single_obs,NaN,0.0
HUN_000_2022,ndvi_annual_std,filled_zero_single_obs,NaN,0.0
HUN_000_2023,ndvi_annual_std,filled_zero_single_obs,NaN,0.0
GUL_001_2019,ndvi_annual_std,filled_zero_single_obs,NaN,0.0
GUL_001_2020,ndvi_annual_std,filled_zero_single_obs,NaN,0.0
GUL_001_2021,ndvi_annual_std,filled_zero_single_obs,NaN,0.0
GUL_001_2022,ndvi_annual_std,filled_zero_single_obs,NaN,0.0
GUL_001_2023,ndvi_annual_std,filled_zero_single_obs,NaN,0.0
ILK_000_2019,ndvi_annual_std,filled_zero_single_obs,NaN,0.0
ILK_000_2020,ndvi_annual_std,filled_zero_single_obs,NaN,0.0
ILK_000_2021,ndvi_annual_std,filled_zero_single_obs,NaN,0.0
ILK_000_2022,ndvi_annual_std,filled_zero_single_obs,NaN,0.0
ILK_000_2023,ndvi_annual_std,filled_zero_single_obs,NaN,0.0
RAB_000_2019,ndvi_annual_std,filled_zero_single_obs,NaN,0.0
RAB_000_2020,ndvi_annual_std,filled_zero_single_obs,NaN,0.0
RAB_000_2021,ndvi_annual_std,filled_zero_single_obs,NaN,0.0
RAB_000_2022,ndvi_annual_std,filled_zero_single_obs,NaN,0.0
RAB_000_2023,ndvi_annual_std,filled_zero_single_obs,NaN,0.0
VIJ_000_2019,ndvi_annual_std,filled_zero_single_obs,NaN,0.0
VIJ_000_2020,ndvi_annual_std,filled_zero_single_obs,NaN,0.0
VIJ_000_2021,ndvi_annual_std,filled_zero_single_obs,NaN,0.0
VIJ_000_2022,ndvi_annual_std,filled_zero_single_obs,NaN,0.0
VIJ_000_2023,ndvi_annual_std,filled_zero_single_obs,NaN,0.0
IND_000_2019,ndvi_annual_std,filled_zero_single_obs,NaN,0.0
IND_000_2020,ndvi_annual_std,filled_zero_single_obs,NaN,0.0
IND_000_2021,ndvi_annual_std,filled_zero_single_obs,NaN,0.0
IND_000_2022,ndvi_annual_std,filled_zero_single_obs,NaN,0.0
IND_000_2023,ndvi_annual_std,filled_zero_single_obs,NaN,0.0
SIN_000_2019,ndvi_annual_std,filled_zero_single_obs,NaN,0.0
SIN_000_2020,ndvi_annual_std,filled_zero_single_obs,NaN,0.0
SIN_000_2021,ndvi_annual_std,filled_zero_single_obs,NaN,0.0
SIN_000_2022,ndvi_annual_std,filled_zero_single_obs,NaN,0.0
SIN_000_2023,ndvi_annual_std,filled_zero_single_obs,NaN,0.0
BAS_000_2019,ndvi_annual_std,filled_zero_single_obs,NaN,0.0
BAS_000_2020,ndvi_annual_std,filled_zero_single_obs,NaN,0.0
BAS_000_2021,ndvi_annual_std,filled_zero_single_obs,NaN,0.0
BAS_000_2022,ndvi_annual_std,filled_zero_single_obs,NaN,0.0
BAS_000_2023,ndvi_annual_std,filled_zero_single_obs,NaN,0.0
MUD_000_2019,ndvi_annual_std,filled_zero_single_obs,NaN,0.0
MUD_000_2020,ndvi_annual_std,filled_zero_single_obs,NaN,0.0
MUD_000_2021,ndvi_annual_std,filled_zero_single_obs,NaN,0.0
MUD_000_2022,ndvi_annual_std,filled_zero_single_obs,NaN,0.0
MUD_000_2023,ndvi_annual_std,filled_zero_single_obs,NaN,0.0
NID_000_2019,ndvi_annual_std,filled_zero_single_obs,NaN,0.0
NID_000_2020,ndvi_annual_std,filled_zero_single_obs,NaN,0.0
NID_000_2021,ndvi_annual_std,filled_zero_single_obs,NaN,0.0
NID_000_2022,ndvi_annual_std,filled_zero_single_obs,NaN,0.0
NID_000_2023,ndvi_annual_std,filled_zero_single_obs,NaN,0.0
BAB_000_2019,ndvi_annual_std,filled_zero_single_obs,NaN,0.0
BAB_000_2020,ndvi_annual_std,filled_zero_single_obs,NaN,0.0
BAB_000_2021,ndvi_annual_std,filled_zero_single_obs,NaN,0.0
BAB_000_2022,ndvi_annual_std,filled_zero_single_obs,NaN,0.0
BAB_000_2023,ndvi_annual_std,filled_zero_single_obs,NaN,0.0
CHA_000_2019,ndvi_annual_std,filled_zero_single_obs,NaN,0.0
CHA_000_2020,ndvi_annual_std,filled_zero_single_obs,NaN,0.0
CHA_000_2021,ndvi_annual_std,filled_zero_single_obs,NaN,0.0
CHA_000_2022,ndvi_annual_std,filled_zero_single_obs,NaN,0.0
CHA_000_2023,ndvi_annual_std,filled_zero_single_obs,NaN,0.0
TAL_000_2019,ndvi_annual_std,filled_zero_single_obs,NaN,0.0
TAL_000_2020,ndvi_annual_std,filled_zero_single_obs,NaN,0.0
TAL_000_2021,ndvi_annual_std,filled_zero_single_obs,NaN,0.0
TAL_000_2022,ndvi_annual_std,filled_zero_single_obs,NaN,0.0
TAL_000_2023,ndvi_annual_std,filled_zero_single_obs,NaN,0.0
TIK_000_2019,ndvi_annual_std,filled_zero_single_obs,NaN,0.0
TIK_000_2020,ndvi_annual_std,filled_zero_single_obs,NaN,0.0
TIK_000_2021,ndvi_annual_std,filled_zero_single_obs,NaN,0.0
TIK_000_2022,ndvi_annual_std,filled_zero_single_obs,NaN,0.0
TIK_000_2023,ndvi_annual_std,filled_zero_single_obs,NaN,0.0
KOL_000_2019,ndvi_annual_std,filled_zero_single_obs,NaN,0.0
KOL_000_2020,ndvi_annual_std,filled_zero_single_obs,NaN,0.0
KOL_000_2021,ndvi_annual_std,filled_zero_single_obs,NaN,0.0
KOL_000_2022,ndvi_annual_std,filled_zero_single_obs,NaN,0.0
KOL_000_2023,ndvi_annual_std,filled_zero_single_obs,NaN,0.0
DEV_000_2019,ndvi_annual_std,filled_zero_single_obs,NaN,0.0
DEV_000_2020,ndvi_annual_std,filled_zero_single_obs,NaN,0.0
DEV_000_2021,ndvi_annual_std,filled_zero_single_obs,NaN,0.0
DEV_000_2022,ndvi_annual_std,filled_zero_single_obs,NaN,0.0
DEV_000_2023,ndvi_annual_std,filled_zero_single_obs,NaN,0.0
ALA_000_2019,ndvi_annual_std,filled_zero_single_obs,NaN,0.0
ALA_000_2020,ndvi_annual_std,filled_zero_single_obs,NaN,0.0
ALA_000_2021,ndvi_annual_std,filled_zero_single_obs,NaN,0.0
ALA_000_2022,ndvi_annual_std,filled_zero_single_obs,NaN,0.0
ALA_000_2023,ndvi_annual_std,filled_zero_single_obs,NaN,0.0
AFZ_001_2019,ndvi_annual_std,filled_zero_single_obs,NaN,0.0
AFZ_001_2020,ndvi_annual_std,filled_zero_single_obs,NaN,0.0
AFZ_001_2021,ndvi_annual_std,filled_zero_single_obs,NaN,0.0
AFZ_001_2022,ndvi_annual_std,filled_zero_single_obs,NaN,0.0
AFZ_001_2023,ndvi_annual_std,filled_zero_single_obs,NaN,0.0
KAL_000_2019,ndvi_annual_std,filled_zero_single_obs,NaN,0.0
KAL_000_2020,ndvi_annual_std,filled_zero_single_obs,NaN,0.0
KAL_000_2021,ndvi_annual_std,filled_zero_single_obs,NaN,0.0
KAL_000_2022,ndvi_annual_std,filled_zero_single_obs,NaN,0.0
KAL_000_2023,ndvi_annual_std,filled_zero_single_obs,NaN,0.0
CHI_000_2019,ndvi_annual_std,filled_zero_single_obs,NaN,0.0
CHI_000_2020,ndvi_annual_std,filled_zero_single_obs,NaN,0.0
CHI_000_2021,ndvi_annual_std,filled_zero_single_obs,NaN,0.0
CHI_000_2022,ndvi_annual_std,filled_zero_single_obs,NaN,0.0
CHI_000_2023,ndvi_annual_std,filled_zero_single_obs,NaN,0.0
SED_000_2019,ndvi_annual_std,filled_zero_single_obs,NaN,0.0
SED_000_2020,ndvi_annual_std,filled_zero_single_obs,NaN,0.0
SED_000_2021,ndvi_annual_std,filled_zero_single_obs,NaN,0.0
SED_000_2022,ndvi_annual_std,filled_zero_single_obs,NaN,0.0
SED_000_2023,ndvi_annual_std,filled_zero_single_obs,NaN,0.0
CHI_000_2019,ndvi_annual_std,filled_zero_single_obs,NaN,0.0
CHI_000_2020,ndvi_annual_std,filled_zero_single_obs,NaN,0.0
CHI_000_2021,ndvi_annual_std,filled_zero_single_obs,NaN,0.0
CHI_000_2022,ndvi_annual_std,filled_zero_single_obs,NaN,0.0
CHI_000_2023,ndvi_annual_std,filled_zero_single_obs,NaN,0.0
JEW_000_2019,ndvi_annual_std,filled_zero_single_obs,NaN,0.0
JEW_000_2020,ndvi_annual_std,filled_zero_single_obs,NaN,0.0
JEW_000_2021,ndvi_annual_std,filled_zero_single_obs,NaN,0.0
JEW_000_2022,ndvi_annual_std,filled_zero_single_obs,NaN,0.0
JEW_000_2023,ndvi_annual_std,filled_zero_single_obs,NaN,0.0
KAL_000_2019,ndvi_annual_std,filled_zero_single_obs,NaN,0.0
KAL_000_2020,ndvi_annual_std,filled_zero_single_obs,NaN,0.0
KAL_000_2021,ndvi_annual_std,filled_zero_single_obs,NaN,0.0
KAL_000_2022,ndvi_annual_std,filled_zero_single_obs,NaN,0.0
KAL_000_2023,ndvi_annual_std,filled_zero_single_obs,NaN,0.0
KAM_000_2019,ndvi_annual_std,filled_zero_single_obs,NaN,0.0
KAM_000_2020,ndvi_annual_std,filled_zero_single_obs,NaN,0.0
KAM_000_2021,ndvi_annual_std,filled_zero_single_obs,NaN,0.0
KAM_000_2022,ndvi_annual_std,filled_zero_single_obs,NaN,0.0
KAM_000_2023,ndvi_annual_std,filled_zero_single_obs,NaN,0.0
YAD_000_2019,ndvi_annual_std,filled_zero_single_obs,NaN,0.0
YAD_000_2020,ndvi_annual_std,filled_zero_single_obs,NaN,0.0
YAD_000_2021,ndvi_annual_std,filled_zero_single_obs,NaN,0.0
YAD_000_2022,ndvi_annual_std,filled_zero_single_obs,NaN,0.0
YAD_000_2023,ndvi_annual_std,filled_zero_single_obs,NaN,0.0
SHA_000_2019,ndvi_annual_std,filled_zero_single_obs,NaN,0.0
SHA_000_2020,ndvi_annual_std,filled_zero_single_obs,NaN,0.0
SHA_000_2021,ndvi_annual_std,filled_zero_single_obs,NaN,0.0
SHA_000_2022,ndvi_annual_std,filled_zero_single_obs,NaN,0.0
SHA_000_2023,ndvi_annual_std,filled_zero_single_obs,NaN,0.0
BAS_000_2019,ndvi_annual_std,filled_zero_single_obs,NaN,0.0
BAS_000_2020,ndvi_annual_std,filled_zero_single_obs,NaN,0.0
BAS_000_2021,ndvi_annual_std,filled_zero_single_obs,NaN,0.0
BAS_000_2022,ndvi_annual_std,filled_zero_single_obs,NaN,0.0
BAS_000_2023,ndvi_annual_std,filled_zero_single_obs,NaN,0.0
BHA_000_2019,ndvi_annual_std,filled_zero_single_obs,NaN,0.0
BHA_000_2020,ndvi_annual_std,filled_zero_single_obs,NaN,0.0
BHA_000_2021,ndvi_annual_std,filled_zero_single_obs,NaN,0.0
BHA_000_2022,ndvi_annual_std,filled_zero_single_obs,NaN,0.0
BHA_000_2023,ndvi_annual_std,filled_zero_single_obs,NaN,0.0
AUR_000_2019,ndvi_annual_std,filled_zero_single_obs,NaN,0.0
AUR_000_2020,ndvi_annual_std,filled_zero_single_obs,NaN,0.0
AUR_000_2021,ndvi_annual_std,filled_zero_single_obs,NaN,0.0
AUR_000_2022,ndvi_annual_std,filled_zero_single_obs,NaN,0.0
AUR_000_2023,ndvi_annual_std,filled_zero_single_obs,NaN,0.0
BID_000_2019,ndvi_annual_std,filled_zero_single_obs,NaN,0.0
BID_000_2020,ndvi_annual_std,filled_zero_single_obs,NaN,0.0
BID_000_2021,ndvi_annual_std,filled_zero_single_obs,NaN,0.0
BID_000_2022,ndvi_annual_std,filled_zero_single_obs,NaN,0.0
BID_000_2023,ndvi_annual_std,filled_zero_single_obs,NaN,0.0
HUM_000_2019,ndvi_annual_std,filled_zero_single_obs,NaN,0.0
HUM_000_2020,ndvi_annual_std,filled_zero_single_obs,NaN,0.0
HUM_000_2021,ndvi_annual_std,filled_zero_single_obs,NaN,0.0
HUM_000_2022,ndvi_annual_std,filled_zero_single_obs,NaN,0.0
HUM_000_2023,ndvi_annual_std,filled_zero_single_obs,NaN,0.0
CHI_000_2019,ndvi_annual_std,filled_zero_single_obs,NaN,0.0
CHI_000_2020,ndvi_annual_std,filled_zero_single_obs,NaN,0.0
CHI_000_2021,ndvi_annual_std,filled_zero_single_obs,NaN,0.0
CHI_000_2022,ndvi_annual_std,filled_zero_single_obs,NaN,0.0
CHI_000_2023,ndvi_annual_std,filled_zero_single_obs,NaN,0.0
KAM_000_2019,ndvi_annual_std,filled_zero_single_obs,NaN,0.0
KAM_000_2020,ndvi_annual_std,filled_zero_single_obs,NaN,0.0
KAM_000_2021,ndvi_annual_std,filled_zero_single_obs,NaN,0.0
KAM_000_2022,ndvi_annual_std,filled_zero_single_obs,NaN,0.0
KAM_000_2023,ndvi_annual_std,filled_zero_single_obs,NaN,0.0
HUL_000_2019,ndvi_annual_std,filled_zero_single_obs,NaN,0.0
HUL_000_2020,ndvi_annual_std,filled_zero_single_obs,NaN,0.0
HUL_000_2021,ndvi_annual_std,filled_zero_single_obs,NaN,0.0
HUL_000_2022,ndvi_annual_std,filled_zero_single_obs,NaN,0.0
HUL_000_2023,ndvi_annual_std,filled_zero_single_obs,NaN,0.0
LIN_000_2019,ndvi_annual_std,filled_zero_single_obs,NaN,0.0
LIN_000_2020,ndvi_annual_std,filled_zero_single_obs,NaN,0.0
LIN_000_2021,ndvi_annual_std,filled_zero_single_obs,NaN,0.0
LIN_000_2022,ndvi_annual_std,filled_zero_single_obs,NaN,0.0
LIN_000_2023,ndvi_annual_std,filled_zero_single_obs,NaN,0.0
RAI_001_2019,ndvi_annual_std,filled_zero_single_obs,NaN,0.0
RAI_001_2020,ndvi_annual_std,filled_zero_single_obs,NaN,0.0
RAI_001_2021,ndvi_annual_std,filled_zero_single_obs,NaN,0.0
RAI_001_2022,ndvi_annual_std,filled_zero_single_obs,NaN,0.0
RAI_001_2023,ndvi_annual_std,filled_zero_single_obs,NaN,0.0
MAN_000_2019,ndvi_annual_std,filled_zero_single_obs,NaN,0.0
MAN_000_2020,ndvi_annual_std,filled_zero_single_obs,NaN,0.0
MAN_000_2021,ndvi_annual_std,filled_zero_single_obs,NaN,0.0
MAN_000_2022,ndvi_annual_std,filled_zero_single_obs,NaN,0.0
MAN_000_2023,ndvi_annual_std,filled_zero_single_obs,NaN,0.0
SIN_000_2019,ndvi_annual_std,filled_zero_single_obs,NaN,0.0
SIN_000_2020,ndvi_annual_std,filled_zero_single_obs,NaN,0.0
SIN_000_2021,ndvi_annual_std,filled_zero_single_obs,NaN,0.0
SIN_000_2022,ndvi_annual_std,filled_zero_single_obs,NaN,0.0
SIN_000_2023,ndvi_annual_std,filled_zero_single_obs,NaN,0.0
MAS_000_2019,ndvi_annual_std,filled_zero_single_obs,NaN,0.0
MAS_000_2020,ndvi_annual_std,filled_zero_single_obs,NaN,0.0
MAS_000_2021,ndvi_annual_std,filled_zero_single_obs,NaN,0.0
MAS_000_2022,ndvi_annual_std,filled_zero_single_obs,NaN,0.0
MAS_000_2023,ndvi_annual_std,filled_zero_single_obs,NaN,0.0
SIR_000_2019,ndvi_annual_std,filled_zero_single_obs,NaN,0.0
SIR_000_2020,ndvi_annual_std,filled_zero_single_obs,NaN,0.0
SIR_000_2021,ndvi_annual_std,filled_zero_single_obs,NaN,0.0
SIR_000_2022,ndvi_annual_std,filled_zero_single_obs,NaN,0.0
SIR_000_2023,ndvi_annual_std,filled_zero_single_obs,NaN,0.0
YEL_000_2019,ndvi_annual_std,filled_zero_single_obs,NaN,0.0
YEL_000_2020,ndvi_annual_std,filled_zero_single_obs,NaN,0.0
YEL_000_2021,ndvi_annual_std,filled_zero_single_obs,NaN,0.0
YEL_000_2022,ndvi_annual_std,filled_zero_single_obs,NaN,0.0
YEL_000_2023,ndvi_annual_std,filled_zero_single_obs,NaN,0.0
KUS_000_2019,ndvi_annual_std,filled_zero_single_obs,NaN,0.0
KUS_000_2020,ndvi_annual_std,filled_zero_single_obs,NaN,0.0
KUS_000_2021,ndvi_annual_std,filled_zero_single_obs,NaN,0.0
KUS_000_2022,ndvi_annual_std,filled_zero_single_obs,NaN,0.0
KUS_000_2023,ndvi_annual_std,filled_zero_single_obs,NaN,0.0
GAN_000_2019,ndvi_annual_std,filled_zero_single_obs,NaN,0.0
GAN_000_2020,ndvi_annual_std,filled_zero_single_obs,NaN,0.0
GAN_000_2021,ndvi_annual_std,filled_zero_single_obs,NaN,0.0
GAN_000_2022,ndvi_annual_std,filled_zero_single_obs,NaN,0.0
GAN_000_2023,ndvi_annual_std,filled_zero_single_obs,NaN,0.0
KOP_000_2019,ndvi_annual_std,filled_zero_single_obs,NaN,0.0
KOP_000_2020,ndvi_annual_std,filled_zero_single_obs,NaN,0.0
KOP_000_2021,ndvi_annual_std,filled_zero_single_obs,NaN,0.0
KOP_000_2022,ndvi_annual_std,filled_zero_single_obs,NaN,0.0
KOP_000_2023,ndvi_annual_std,filled_zero_single_obs,NaN,0.0
KAR_000_2019,ndvi_annual_std,filled_zero_single_obs,NaN,0.0
KAR_000_2020,ndvi_annual_std,filled_zero_single_obs,NaN,0.0
KAR_000_2021,ndvi_annual_std,filled_zero_single_obs,NaN,0.0
KAR_000_2022,ndvi_annual_std,filled_zero_single_obs,NaN,0.0
KAR_000_2023,ndvi_annual_std,filled_zero_single_obs,NaN,0.0
KUK_000_2019,ndvi_annual_std,filled_zero_single_obs,NaN,0.0
KUK_000_2020,ndvi_annual_std,filled_zero_single_obs,NaN,0.0
KUK_000_2021,ndvi_annual_std,filled_zero_single_obs,NaN,0.0
KUK_000_2022,ndvi_annual_std,filled_zero_single_obs,NaN,0.0
KUK_000_2023,ndvi_annual_std,filled_zero_single_obs,NaN,0.0
KAN_000_2019,ndvi_annual_std,filled_zero_single_obs,NaN,0.0
KAN_000_2020,ndvi_annual_std,filled_zero_single_obs,NaN,0.0
KAN_000_2021,ndvi_annual_std,filled_zero_single_obs,NaN,0.0
KAN_000_2022,ndvi_annual_std,filled_zero_single_obs,NaN,0.0
KAN_000_2023,ndvi_annual_std,filled_zero_single_obs,NaN,0.0
NAR_000_2019,ndvi_annual_std,filled_zero_single_obs,NaN,0.0
NAR_000_2020,ndvi_annual_std,filled_zero_single_obs,NaN,0.0
NAR_000_2021,ndvi_annual_std,filled_zero_single_obs,NaN,0.0
NAR_000_2022,ndvi_annual_std,filled_zero_single_obs,NaN,0.0
NAR_000_2023,ndvi_annual_std,filled_zero_single_obs,NaN,0.0
GAD_000_2019,ndvi_annual_std,filled_zero_single_obs,NaN,0.0
GAD_000_2020,ndvi_annual_std,filled_zero_single_obs,NaN,0.0
GAD_000_2021,ndvi_annual_std,filled_zero_single_obs,NaN,0.0
GAD_000_2022,ndvi_annual_std,filled_zero_single_obs,NaN,0.0
GAD_000_2023,ndvi_annual_std,filled_zero_single_obs,NaN,0.0
SHI_000_2019,ndvi_annual_std,filled_zero_single_obs,NaN,0.0
SHI_000_2020,ndvi_annual_std,filled_zero_single_obs,NaN,0.0
SHI_000_2021,ndvi_annual_std,filled_zero_single_obs,NaN,0.0
SHI_000_2022,ndvi_annual_std,filled_zero_single_obs,NaN,0.0
SHI_000_2023,ndvi_annual_std,filled_zero_single_obs,NaN,0.0
MUN_000_2019,ndvi_annual_std,filled_zero_single_obs,NaN,0.0
MUN_000_2020,ndvi_annual_std,filled_zero_single_obs,NaN,0.0
MUN_000_2021,ndvi_annual_std,filled_zero_single_obs,NaN,0.0
MUN_000_2022,ndvi_annual_std,filled_zero_single_obs,NaN,0.0
MUN_000_2023,ndvi_annual_std,filled_zero_single_obs,NaN,0.0
GAJ_000_2019,ndvi_annual_std,filled_zero_single_obs,NaN,0.0
GAJ_000_2020,ndvi_annual_std,filled_zero_single_obs,NaN,0.0
GAJ_000_2021,ndvi_annual_std,filled_zero_single_obs,NaN,0.0
GAJ_000_2022,ndvi_annual_std,filled_zero_single_obs,NaN,0.0
GAJ_000_2023,ndvi_annual_std,filled_zero_single_obs,NaN,0.0
LAX_000_2019,ndvi_annual_std,filled_zero_single_obs,NaN,0.0
LAX_000_2020,ndvi_annual_std,filled_zero_single_obs,NaN,0.0
LAX_000_2021,ndvi_annual_std,filled_zero_single_obs,NaN,0.0
LAX_000_2022,ndvi_annual_std,filled_zero_single_obs,NaN,0.0
LAX_000_2023,ndvi_annual_std,filled_zero_single_obs,NaN,0.0
DHA_000_2019,ndvi_annual_std,filled_zero_single_obs,NaN,0.0
DHA_000_2020,ndvi_annual_std,filled_zero_single_obs,NaN,0.0
DHA_000_2021,ndvi_annual_std,filled_zero_single_obs,NaN,0.0
DHA_000_2022,ndvi_annual_std,filled_zero_single_obs,NaN,0.0
DHA_000_2023,ndvi_annual_std,filled_zero_single_obs,NaN,0.0
NAV_000_2019,ndvi_annual_std,filled_zero_single_obs,NaN,0.0
NAV_000_2020,ndvi_annual_std,filled_zero_single_obs,NaN,0.0
NAV_000_2021,ndvi_annual_std,filled_zero_single_obs,NaN,0.0
NAV_000_2022,ndvi_annual_std,filled_zero_single_obs,NaN,0.0
NAV_000_2023,ndvi_annual_std,filled_zero_single_obs,NaN,0.0
HUB_000_2019,ndvi_annual_std,filled_zero_single_obs,NaN,0.0
HUB_000_2020,ndvi_annual_std,filled_zero_single_obs,NaN,0.0
HUB_000_2021,ndvi_annual_std,filled_zero_single_obs,NaN,0.0
HUB_000_2022,ndvi_annual_std,filled_zero_single_obs,NaN,0.0
HUB_000_2023,ndvi_annual_std,filled_zero_single_obs,NaN,0.0
KAL_000_2019,ndvi_annual_std,filled_zero_single_obs,NaN,0.0
KAL_000_2020,ndvi_annual_std,filled_zero_single_obs,NaN,0.0
KAL_000_2021,ndvi_annual_std,filled_zero_single_obs,NaN,0.0
KAL_000_2022,ndvi_annual_std,filled_zero_single_obs,NaN,0.0
KAL_000_2023,ndvi_annual_std,filled_zero_single_obs,NaN,0.0
KUN_000_2019,ndvi_annual_std,filled_zero_single_obs,NaN,0.0
KUN_000_2020,ndvi_annual_std,filled_zero_single_obs,NaN,0.0
KUN_000_2021,ndvi_annual_std,filled_zero_single_obs,NaN,0.0
KUN_000_2022,ndvi_annual_std,filled_zero_single_obs,NaN,0.0
KUN_000_2023,ndvi_annual_std,filled_zero_single_obs,NaN,0.0
HUB_000_2019,ndvi_annual_std,filled_zero_single_obs,NaN,0.0
HUB_000_2020,ndvi_annual_std,filled_zero_single_obs,NaN,0.0
HUB_000_2021,ndvi_annual_std,filled_zero_single_obs,NaN,0.0
HUB_000_2022,ndvi_annual_std,filled_zero_single_obs,NaN,0.0
HUB_000_2023,ndvi_annual_std,filled_zero_single_obs,NaN,0.0
ALN_000_2019,ndvi_annual_std,filled_zero_single_obs,NaN,0.0
ALN_000_2020,ndvi_annual_std,filled_zero_single_obs,NaN,0.0
ALN_000_2021,ndvi_annual_std,filled_zero_single_obs,NaN,0.0
ALN_000_2022,ndvi_annual_std,filled_zero_single_obs,NaN,0.0
ALN_000_2023,ndvi_annual_std,filled_zero_single_obs,NaN,0.0
ANN_000_2019,ndvi_annual_std,filled_zero_single_obs,NaN,0.0
ANN_000_2020,ndvi_annual_std,filled_zero_single_obs,NaN,0.0
ANN_000_2021,ndvi_annual_std,filled_zero_single_obs,NaN,0.0
ANN_000_2022,ndvi_annual_std,filled_zero_single_obs,NaN,0.0
ANN_000_2023,ndvi_annual_std,filled_zero_single_obs,NaN,0.0
KAR_000_2019,ndvi_annual_std,filled_zero_single_obs,NaN,0.0
KAR_000_2020,ndvi_annual_std,filled_zero_single_obs,NaN,0.0
KAR_000_2021,ndvi_annual_std,filled_zero_single_obs,NaN,0.0
KAR_000_2022,ndvi_annual_std,filled_zero_single_obs,NaN,0.0
KAR_000_2023,ndvi_annual_std,filled_zero_single_obs,NaN,0.0
JOI_000_2019,ndvi_annual_std,filled_zero_single_obs,NaN,0.0
JOI_000_2020,ndvi_annual_std,filled_zero_single_obs,NaN,0.0
JOI_000_2021,ndvi_annual_std,filled_zero_single_obs,NaN,0.0
JOI_000_2022,ndvi_annual_std,filled_zero_single_obs,NaN,0.0
JOI_000_2023,ndvi_annual_std,filled_zero_single_obs,NaN,0.0
HAL_001_2019,ndvi_annual_std,filled_zero_single_obs,NaN,0.0
HAL_001_2020,ndvi_annual_std,filled_zero_single_obs,NaN,0.0
HAL_001_2021,ndvi_annual_std,filled_zero_single_obs,NaN,0.0
HAL_001_2022,ndvi_annual_std,filled_zero_single_obs,NaN,0.0
HAL_001_2023,ndvi_annual_std,filled_zero_single_obs,NaN,0.0
YEL_000_2019,ndvi_annual_std,filled_zero_single_obs,NaN,0.0
YEL_000_2020,ndvi_annual_std,filled_zero_single_obs,NaN,0.0
YEL_000_2021,ndvi_annual_std,filled_zero_single_obs,NaN,0.0
YEL_000_2022,ndvi_annual_std,filled_zero_single_obs,NaN,0.0
YEL_000_2023,ndvi_annual_std,filled_zero_single_obs,NaN,0.0
MUN_000_2019,ndvi_annual_std,filled_zero_single_obs,NaN,0.0
MUN_000_2020,ndvi_annual_std,filled_zero_single_obs,NaN,0.0
MUN_000_2021,ndvi_annual_std,filled_zero_single_obs,NaN,0.0
MUN_000_2022,ndvi_annual_std,filled_zero_single_obs,NaN,0.0
MUN_000_2023,ndvi_annual_std,filled_zero_single_obs,NaN,0.0
SIR_000_2019,ndvi_annual_std,filled_zero_single_obs,NaN,0.0
SIR_000_2020,ndvi_annual_std,filled_zero_single_obs,NaN,0.0
SIR_000_2021,ndvi_annual_std,filled_zero_single_obs,NaN,0.0
SIR_000_2022,ndvi_annual_std,filled_zero_single_obs,NaN,0.0
SIR_000_2023,ndvi_annual_std,filled_zero_single_obs,NaN,0.0
ANK_000_2019,ndvi_annual_std,filled_zero_single_obs,NaN,0.0
ANK_000_2020,ndvi_annual_std,filled_zero_single_obs,NaN,0.0
ANK_000_2021,ndvi_annual_std,filled_zero_single_obs,NaN,0.0
ANK_000_2022,ndvi_annual_std,filled_zero_single_obs,NaN,0.0
ANK_000_2023,ndvi_annual_std,filled_zero_single_obs,NaN,0.0
KUM_000_2019,ndvi_annual_std,filled_zero_single_obs,NaN,0.0
KUM_000_2020,ndvi_annual_std,filled_zero_single_obs,NaN,0.0
KUM_000_2021,ndvi_annual_std,filled_zero_single_obs,NaN,0.0
KUM_000_2022,ndvi_annual_std,filled_zero_single_obs,NaN,0.0
KUM_000_2023,ndvi_annual_std,filled_zero_single_obs,NaN,0.0
SID_000_2019,ndvi_annual_std,filled_zero_single_obs,NaN,0.0
SID_000_2020,ndvi_annual_std,filled_zero_single_obs,NaN,0.0
SID_000_2021,ndvi_annual_std,filled_zero_single_obs,NaN,0.0
SID_000_2022,ndvi_annual_std,filled_zero_single_obs,NaN,0.0
SID_000_2023,ndvi_annual_std,filled_zero_single_obs,NaN,0.0
HON_000_2019,ndvi_annual_std,filled_zero_single_obs,NaN,0.0
HON_000_2020,ndvi_annual_std,filled_zero_single_obs,NaN,0.0
HON_000_2021,ndvi_annual_std,filled_zero_single_obs,NaN,0.0
HON_000_2022,ndvi_annual_std,filled_zero_single_obs,NaN,0.0
HON_000_2023,ndvi_annual_std,filled_zero_single_obs,NaN,0.0
BHA_000_2019,ndvi_annual_std,filled_zero_single_obs,NaN,0.0
BHA_000_2020,ndvi_annual_std,filled_zero_single_obs,NaN,0.0
BHA_000_2021,ndvi_annual_std,filled_zero_single_obs,NaN,0.0
BHA_000_2022,ndvi_annual_std,filled_zero_single_obs,NaN,0.0
BHA_000_2023,ndvi_annual_std,filled_zero_single_obs,NaN,0.0
DAN_000_2019,ndvi_annual_std,filled_zero_single_obs,NaN,0.0
DAN_000_2020,ndvi_annual_std,filled_zero_single_obs,NaN,0.0
DAN_000_2021,ndvi_annual_std,filled_zero_single_obs,NaN,0.0
DAN_000_2022,ndvi_annual_std,filled_zero_single_obs,NaN,0.0
DAN_000_2023,ndvi_annual_std,filled_zero_single_obs,NaN,0.0
SHI_000_2019,ndvi_annual_std,filled_zero_single_obs,NaN,0.0
SHI_000_2020,ndvi_annual_std,filled_zero_single_obs,NaN,0.0
SHI_000_2021,ndvi_annual_std,filled_zero_single_obs,NaN,0.0
SHI_000_2022,ndvi_annual_std,filled_zero_single_obs,NaN,0.0
SHI_000_2023,ndvi_annual_std,filled_zero_single_obs,NaN,0.0
SAV_000_2019,ndvi_annual_std,filled_zero_single_obs,NaN,0.0
SAV_000_2020,ndvi_annual_std,filled_zero_single_obs,NaN,0.0
SAV_000_2021,ndvi_annual_std,filled_zero_single_obs,NaN,0.0
SAV_000_2022,ndvi_annual_std,filled_zero_single_obs,NaN,0.0
SAV_000_2023,ndvi_annual_std,filled_zero_single_obs,NaN,0.0
HAN_000_2019,ndvi_annual_std,filled_zero_single_obs,NaN,0.0
HAN_000_2020,ndvi_annual_std,filled_zero_single_obs,NaN,0.0
HAN_000_2021,ndvi_annual_std,filled_zero_single_obs,NaN,0.0
HAN_000_2022,ndvi_annual_std,filled_zero_single_obs,NaN,0.0
HAN_000_2023,ndvi_annual_std,filled_zero_single_obs,NaN,0.0
HAV_000_2019,ndvi_annual_std,filled_zero_single_obs,NaN,0.0
HAV_000_2020,ndvi_annual_std,filled_zero_single_obs,NaN,0.0
HAV_000_2021,ndvi_annual_std,filled_zero_single_obs,NaN,0.0
HAV_000_2022,ndvi_annual_std,filled_zero_single_obs,NaN,0.0
HAV_000_2023,ndvi_annual_std,filled_zero_single_obs,NaN,0.0
BYA_000_2019,ndvi_annual_std,filled_zero_single_obs,NaN,0.0
BYA_000_2020,ndvi_annual_std,filled_zero_single_obs,NaN,0.0
BYA_000_2021,ndvi_annual_std,filled_zero_single_obs,NaN,0.0
BYA_000_2022,ndvi_annual_std,filled_zero_single_obs,NaN,0.0
BYA_000_2023,ndvi_annual_std,filled_zero_single_obs,NaN,0.0
RAN_000_2019,ndvi_annual_std,filled_zero_single_obs,NaN,0.0
RAN_000_2020,ndvi_annual_std,filled_zero_single_obs,NaN,0.0
RAN_000_2021,ndvi_annual_std,filled_zero_single_obs,NaN,0.0
RAN_000_2022,ndvi_annual_std,filled_zero_single_obs,NaN,0.0
RAN_000_2023,ndvi_annual_std,filled_zero_single_obs,NaN,0.0
RAT_000_2019,ndvi_annual_std,filled_zero_single_obs,NaN,0.0
RAT_000_2020,ndvi_annual_std,filled_zero_single_obs,NaN,0.0
RAT_000_2021,ndvi_annual_std,filled_zero_single_obs,NaN,0.0
RAT_000_2022,ndvi_annual_std,filled_zero_single_obs,NaN,0.0
RAT_000_2023,ndvi_annual_std,filled_zero_single_obs,NaN,0.0
HAD_000_2019,ndvi_annual_std,filled_zero_single_obs,NaN,0.0
HAD_000_2020,ndvi_annual_std,filled_zero_single_obs,NaN,0.0
HAD_000_2021,ndvi_annual_std,filled_zero_single_obs,NaN,0.0
HAD_000_2022,ndvi_annual_std,filled_zero_single_obs,NaN,0.0
HAD_000_2023,ndvi_annual_std,filled_zero_single_obs,NaN,0.0
HAG_001_2019,ndvi_annual_std,filled_zero_single_obs,NaN,0.0
HAG_001_2020,ndvi_annual_std,filled_zero_single_obs,NaN,0.0
HAG_001_2021,ndvi_annual_std,filled_zero_single_obs,NaN,0.0
HAG_001_2022,ndvi_annual_std,filled_zero_single_obs,NaN,0.0
HAG_001_2023,ndvi_annual_std,filled_zero_single_obs,NaN,0.0
HOS_000_2019,ndvi_annual_std,filled_zero_single_obs,NaN,0.0
HOS_000_2020,ndvi_annual_std,filled_zero_single_obs,NaN,0.0
HOS_000_2021,ndvi_annual_std,filled_zero_single_obs,NaN,0.0
HOS_000_2022,ndvi_annual_std,filled_zero_single_obs,NaN,0.0
HOS_000_2023,ndvi_annual_std,filled_zero_single_obs,NaN,0.0
SIR_000_2019,ndvi_annual_std,filled_zero_single_obs,NaN,0.0
SIR_000_2020,ndvi_annual_std,filled_zero_single_obs,NaN,0.0
SIR_000_2021,ndvi_annual_std,filled_zero_single_obs,NaN,0.0
SIR_000_2022,ndvi_annual_std,filled_zero_single_obs,NaN,0.0
SIR_000_2023,ndvi_annual_std,filled_zero_single_obs,NaN,0.0
BAL_000_2019,ndvi_annual_std,filled_zero_single_obs,NaN,0.0
BAL_000_2020,ndvi_annual_std,filled_zero_single_obs,NaN,0.0
BAL_000_2021,ndvi_annual_std,filled_zero_single_obs,NaN,0.0
BAL_000_2022,ndvi_annual_std,filled_zero_single_obs,NaN,0.0
BAL_000_2023,ndvi_annual_std,filled_zero_single_obs,NaN,0.0
SON_000_2019,ndvi_annual_std,filled_zero_single_obs,NaN,0.0
SON_000_2020,ndvi_annual_std,filled_zero_single_obs,NaN,0.0
SON_000_2021,ndvi_annual_std,filled_zero_single_obs,NaN,0.0
SON_000_2022,ndvi_annual_std,filled_zero_single_obs,NaN,0.0
SON_000_2023,ndvi_annual_std,filled_zero_single_obs,NaN,0.0
KUD_000_2019,ndvi_annual_std,filled_zero_single_obs,NaN,0.0
KUD_000_2020,ndvi_annual_std,filled_zero_single_obs,NaN,0.0
KUD_000_2021,ndvi_annual_std,filled_zero_single_obs,NaN,0.0
KUD_000_2022,ndvi_annual_std,filled_zero_single_obs,NaN,0.0
KUD_000_2023,ndvi_annual_std,filled_zero_single_obs,NaN,0.0
KUR_000_2019,ndvi_annual_std,filled_zero_single_obs,NaN,0.0
KUR_000_2020,ndvi_annual_std,filled_zero_single_obs,NaN,0.0
KUR_000_2021,ndvi_annual_std,filled_zero_single_obs,NaN,0.0
KUR_000_2022,ndvi_annual_std,filled_zero_single_obs,NaN,0.0
KUR_000_2023,ndvi_annual_std,filled_zero_single_obs,NaN,0.0
KOT_000_2019,ndvi_annual_std,filled_zero_single_obs,NaN,0.0
KOT_000_2020,ndvi_annual_std,filled_zero_single_obs,NaN,0.0
KOT_000_2021,ndvi_annual_std,filled_zero_single_obs,NaN,0.0
KOT_000_2022,ndvi_annual_std,filled_zero_single_obs,NaN,0.0
KOT_000_2023,ndvi_annual_std,filled_zero_single_obs,NaN,0.0
KAM_000_2019,ndvi_annual_std,filled_zero_single_obs,NaN,0.0
KAM_000_2020,ndvi_annual_std,filled_zero_single_obs,NaN,0.0
KAM_000_2021,ndvi_annual_std,filled_zero_single_obs,NaN,0.0
KAM_000_2022,ndvi_annual_std,filled_zero_single_obs,NaN,0.0
KAM_000_2023,ndvi_annual_std,filled_zero_single_obs,NaN,0.0
HAR_000_2019,ndvi_annual_std,filled_zero_single_obs,NaN,0.0
HAR_000_2020,ndvi_annual_std,filled_zero_single_obs,NaN,0.0
HAR_000_2021,ndvi_annual_std,filled_zero_single_obs,NaN,0.0
HAR_000_2022,ndvi_annual_std,filled_zero_single_obs,NaN,0.0
HAR_000_2023,ndvi_annual_std,filled_zero_single_obs,NaN,0.0
MOL_000_2019,ndvi_annual_std,filled_zero_single_obs,NaN,0.0
MOL_000_2020,ndvi_annual_std,filled_zero_single_obs,NaN,0.0
MOL_000_2021,ndvi_annual_std,filled_zero_single_obs,NaN,0.0
MOL_000_2022,ndvi_annual_std,filled_zero_single_obs,NaN,0.0
MOL_000_2023,ndvi_annual_std,filled_zero_single_obs,NaN,0.0
CHA_000_2019,ndvi_annual_std,filled_zero_single_obs,NaN,0.0
CHA_000_2020,ndvi_annual_std,filled_zero_single_obs,NaN,0.0
CHA_000_2021,ndvi_annual_std,filled_zero_single_obs,NaN,0.0
CHA_000_2022,ndvi_annual_std,filled_zero_single_obs,NaN,0.0
CHA_000_2023,ndvi_annual_std,filled_zero_single_obs,NaN,0.0
CHI_000_2019,ndvi_annual_std,filled_zero_single_obs,NaN,0.0
CHI_000_2020,ndvi_annual_std,filled_zero_single_obs,NaN,0.0
CHI_000_2021,ndvi_annual_std,filled_zero_single_obs,NaN,0.0
CHI_000_2022,ndvi_annual_std,filled_zero_single_obs,NaN,0.0
CHI_000_2023,ndvi_annual_std,filled_zero_single_obs,NaN,0.0
HOL_000_2019,ndvi_annual_std,filled_zero_single_obs,NaN,0.0
HOL_000_2020,ndvi_annual_std,filled_zero_single_obs,NaN,0.0
HOL_000_2021,ndvi_annual_std,filled_zero_single_obs,NaN,0.0
HOL_000_2022,ndvi_annual_std,filled_zero_single_obs,NaN,0.0
HOL_000_2023,ndvi_annual_std,filled_zero_single_obs,NaN,0.0
HOS_000_2019,ndvi_annual_std,filled_zero_single_obs,NaN,0.0
HOS_000_2020,ndvi_annual_std,filled_zero_single_obs,NaN,0.0
HOS_000_2021,ndvi_annual_std,filled_zero_single_obs,NaN,0.0
HOS_000_2022,ndvi_annual_std,filled_zero_single_obs,NaN,0.0
HOS_000_2023,ndvi_annual_std,filled_zero_single_obs,NaN,0.0
HIR_000_2019,ndvi_annual_std,filled_zero_single_obs,NaN,0.0
HIR_000_2020,ndvi_annual_std,filled_zero_single_obs,NaN,0.0
HIR_000_2021,ndvi_annual_std,filled_zero_single_obs,NaN,0.0
HIR_000_2022,ndvi_annual_std,filled_zero_single_obs,NaN,0.0
HIR_000_2023,ndvi_annual_std,filled_zero_single_obs,NaN,0.0
HAR_000_2019,ndvi_annual_std,filled_zero_single_obs,NaN,0.0
HAR_000_2020,ndvi_annual_std,filled_zero_single_obs,NaN,0.0
HAR_000_2021,ndvi_annual_std,filled_zero_single_obs,NaN,0.0
HAR_000_2022,ndvi_annual_std,filled_zero_single_obs,NaN,0.0
HAR_000_2023,ndvi_annual_std,filled_zero_single_obs,NaN,0.0
JAG_000_2019,ndvi_annual_std,filled_zero_single_obs,NaN,0.0
JAG_000_2020,ndvi_annual_std,filled_zero_single_obs,NaN,0.0
JAG_000_2021,ndvi_annual_std,filled_zero_single_obs,NaN,0.0
JAG_000_2022,ndvi_annual_std,filled_zero_single_obs,NaN,0.0
JAG_000_2023,ndvi_annual_std,filled_zero_single_obs,NaN,0.0
DAV_000_2019,ndvi_annual_std,filled_zero_single_obs,NaN,0.0
DAV_000_2020,ndvi_annual_std,filled_zero_single_obs,NaN,0.0
DAV_000_2021,ndvi_annual_std,filled_zero_single_obs,NaN,0.0
DAV_000_2022,ndvi_annual_std,filled_zero_single_obs,NaN,0.0
DAV_000_2023,ndvi_annual_std,filled_zero_single_obs,NaN,0.0
HON_000_2019,ndvi_annual_std,filled_zero_single_obs,NaN,0.0
HON_000_2020,ndvi_annual_std,filled_zero_single_obs,NaN,0.0
HON_000_2021,ndvi_annual_std,filled_zero_single_obs,NaN,0.0
HON_000_2022,ndvi_annual_std,filled_zero_single_obs,NaN,0.0
HON_000_2023,ndvi_annual_std,filled_zero_single_obs,NaN,0.0
CHA_000_2019,ndvi_annual_std,filled_zero_single_obs,NaN,0.0
CHA_000_2020,ndvi_annual_std,filled_zero_single_obs,NaN,0.0
CHA_000_2021,ndvi_annual_std,filled_zero_single_obs,NaN,0.0
CHA_000_2022,ndvi_annual_std,filled_zero_single_obs,NaN,0.0
CHA_000_2023,ndvi_annual_std,filled_zero_single_obs,NaN,0.0
NYA_000_2019,ndvi_annual_std,filled_zero_single_obs,NaN,0.0
NYA_000_2020,ndvi_annual_std,filled_zero_single_obs,NaN,0.0
NYA_000_2021,ndvi_annual_std,filled_zero_single_obs,NaN,0.0
NYA_000_2022,ndvi_annual_std,filled_zero_single_obs,NaN,0.0
NYA_000_2023,ndvi_annual_std,filled_zero_single_obs,NaN,0.0
SAG_000_2019,ndvi_annual_std,filled_zero_single_obs,NaN,0.0
SAG_000_2020,ndvi_annual_std,filled_zero_single_obs,NaN,0.0
SAG_000_2021,ndvi_annual_std,filled_zero_single_obs,NaN,0.0
SAG_000_2022,ndvi_annual_std,filled_zero_single_obs,NaN,0.0
SAG_000_2023,ndvi_annual_std,filled_zero_single_obs,NaN,0.0
SOR_000_2019,ndvi_annual_std,filled_zero_single_obs,NaN,0.0
SOR_000_2020,ndvi_annual_std,filled_zero_single_obs,NaN,0.0
SOR_000_2021,ndvi_annual_std,filled_zero_single_obs,NaN,0.0
SOR_000_2022,ndvi_annual_std,filled_zero_single_obs,NaN,0.0
SOR_000_2023,ndvi_annual_std,filled_zero_single_obs,NaN,0.0
SHI_000_2019,ndvi_annual_std,filled_zero_single_obs,NaN,0.0
SHI_000_2020,ndvi_annual_std,filled_zero_single_obs,NaN,0.0
SHI_000_2021,ndvi_annual_std,filled_zero_single_obs,NaN,0.0
SHI_000_2022,ndvi_annual_std,filled_zero_single_obs,NaN,0.0
SHI_000_2023,ndvi_annual_std,filled_zero_single_obs,NaN,0.0
SHI_000_2019,ndvi_annual_std,filled_zero_single_obs,NaN,0.0
SHI_000_2020,ndvi_annual_std,filled_zero_single_obs,NaN,0.0
SHI_000_2021,ndvi_annual_std,filled_zero_single_obs,NaN,0.0
SHI_000_2022,ndvi_annual_std,filled_zero_single_obs,NaN,0.0
SHI_000_2023,ndvi_annual_std,filled_zero_single_obs,NaN,0.0
BHA_000_2019,ndvi_annual_std,filled_zero_single_obs,NaN,0.0
BHA_000_2020,ndvi_annual_std,filled_zero_single_obs,NaN,0.0
BHA_000_2021,ndvi_annual_std,filled_zero_single_obs,NaN,0.0
BHA_000_2022,ndvi_annual_std,filled_zero_single_obs,NaN,0.0
BHA_000_2023,ndvi_annual_std,filled_zero_single_obs,NaN,0.0
KUN_000_2019,ndvi_annual_std,filled_zero_single_obs,NaN,0.0
KUN_000_2020,ndvi_annual_std,filled_zero_single_obs,NaN,0.0
KUN_000_2021,ndvi_annual_std,filled_zero_single_obs,NaN,0.0
KUN_000_2022,ndvi_annual_std,filled_zero_single_obs,NaN,0.0
KUN_000_2023,ndvi_annual_std,filled_zero_single_obs,NaN,0.0
UDU_001_2019,ndvi_annual_std,filled_zero_single_obs,NaN,0.0
UDU_001_2020,ndvi_annual_std,filled_zero_single_obs,NaN,0.0
UDU_001_2021,ndvi_annual_std,filled_zero_single_obs,NaN,0.0
UDU_001_2022,ndvi_annual_std,filled_zero_single_obs,NaN,0.0
UDU_001_2023,ndvi_annual_std,filled_zero_single_obs,NaN,0.0
KAR_000_2019,ndvi_annual_std,filled_zero_single_obs,NaN,0.0
KAR_000_2020,ndvi_annual_std,filled_zero_single_obs,NaN,0.0
KAR_000_2021,ndvi_annual_std,filled_zero_single_obs,NaN,0.0
KAR_000_2022,ndvi_annual_std,filled_zero_single_obs,NaN,0.0
KAR_000_2023,ndvi_annual_std,filled_zero_single_obs,NaN,0.0
BAI_000_2019,ndvi_annual_std,filled_zero_single_obs,NaN,0.0
BAI_000_2020,ndvi_annual_std,filled_zero_single_obs,NaN,0.0
BAI_000_2021,ndvi_annual_std,filled_zero_single_obs,NaN,0.0
BAI_000_2022,ndvi_annual_std,filled_zero_single_obs,NaN,0.0
BAI_000_2023,ndvi_annual_std,filled_zero_single_obs,NaN,0.0
BRA_000_2019,ndvi_annual_std,filled_zero_single_obs,NaN,0.0
BRA_000_2020,ndvi_annual_std,filled_zero_single_obs,NaN,0.0
BRA_000_2021,ndvi_annual_std,filled_zero_single_obs,NaN,0.0
BRA_000_2022,ndvi_annual_std,filled_zero_single_obs,NaN,0.0
BRA_000_2023,ndvi_annual_std,filled_zero_single_obs,NaN,0.0
KAP_000_2019,ndvi_annual_std,filled_zero_single_obs,NaN,0.0
KAP_000_2020,ndvi_annual_std,filled_zero_single_obs,NaN,0.0
KAP_000_2021,ndvi_annual_std,filled_zero_single_obs,NaN,0.0
KAP_000_2022,ndvi_annual_std,filled_zero_single_obs,NaN,0.0
KAP_000_2023,ndvi_annual_std,filled_zero_single_obs,NaN,0.0
HEB_000_2019,ndvi_annual_std,filled_zero_single_obs,NaN,0.0
HEB_000_2020,ndvi_annual_std,filled_zero_single_obs,NaN,0.0
HEB_000_2021,ndvi_annual_std,filled_zero_single_obs,NaN,0.0
HEB_000_2022,ndvi_annual_std,filled_zero_single_obs,NaN,0.0
HEB_000_2023,ndvi_annual_std,filled_zero_single_obs,NaN,0.0
SRI_000_2019,ndvi_annual_std,filled_zero_single_obs,NaN,0.0
SRI_000_2020,ndvi_annual_std,filled_zero_single_obs,NaN,0.0
SRI_000_2021,ndvi_annual_std,filled_zero_single_obs,NaN,0.0
SRI_000_2022,ndvi_annual_std,filled_zero_single_obs,NaN,0.0
SRI_000_2023,ndvi_annual_std,filled_zero_single_obs,NaN,0.0
KOP_000_2019,ndvi_annual_std,filled_zero_single_obs,NaN,0.0
KOP_000_2020,ndvi_annual_std,filled_zero_single_obs,NaN,0.0
KOP_000_2021,ndvi_annual_std,filled_zero_single_obs,NaN,0.0
KOP_000_2022,ndvi_annual_std,filled_zero_single_obs,NaN,0.0
KOP_000_2023,ndvi_annual_std,filled_zero_single_obs,NaN,0.0
NAR_000_2019,ndvi_annual_std,filled_zero_single_obs,NaN,0.0
NAR_000_2020,ndvi_annual_std,filled_zero_single_obs,NaN,0.0
NAR_000_2021,ndvi_annual_std,filled_zero_single_obs,NaN,0.0
NAR_000_2022,ndvi_annual_std,filled_zero_single_obs,NaN,0.0
NAR_000_2023,ndvi_annual_std,filled_zero_single_obs,NaN,0.0
TAR_000_2019,ndvi_annual_std,filled_zero_single_obs,NaN,0.0
TAR_000_2020,ndvi_annual_std,filled_zero_single_obs,NaN,0.0
TAR_000_2021,ndvi_annual_std,filled_zero_single_obs,NaN,0.0
TAR_000_2022,ndvi_annual_std,filled_zero_single_obs,NaN,0.0
TAR_000_2023,ndvi_annual_std,filled_zero_single_obs,NaN,0.0
KAD_000_2019,ndvi_annual_std,filled_zero_single_obs,NaN,0.0
KAD_000_2020,ndvi_annual_std,filled_zero_single_obs,NaN,0.0
KAD_000_2021,ndvi_annual_std,filled_zero_single_obs,NaN,0.0
KAD_000_2022,ndvi_annual_std,filled_zero_single_obs,NaN,0.0
KAD_000_2023,ndvi_annual_std,filled_zero_single_obs,NaN,0.0
CHI_000_2019,ndvi_annual_std,filled_zero_single_obs,NaN,0.0
CHI_000_2020,ndvi_annual_std,filled_zero_single_obs,NaN,0.0
CHI_000_2021,ndvi_annual_std,filled_zero_single_obs,NaN,0.0
CHI_000_2022,ndvi_annual_std,filled_zero_single_obs,NaN,0.0
CHI_000_2023,ndvi_annual_std,filled_zero_single_obs,NaN,0.0
MUD_000_2019,ndvi_annual_std,filled_zero_single_obs,NaN,0.0
MUD_000_2020,ndvi_annual_std,filled_zero_single_obs,NaN,0.0
MUD_000_2021,ndvi_annual_std,filled_zero_single_obs,NaN,0.0
MUD_000_2022,ndvi_annual_std,filled_zero_single_obs,NaN,0.0
MUD_000_2023,ndvi_annual_std,filled_zero_single_obs,NaN,0.0
AJJ_000_2019,ndvi_annual_std,filled_zero_single_obs,NaN,0.0
AJJ_000_2020,ndvi_annual_std,filled_zero_single_obs,NaN,0.0
AJJ_000_2021,ndvi_annual_std,filled_zero_single_obs,NaN,0.0
AJJ_000_2022,ndvi_annual_std,filled_zero_single_obs,NaN,0.0
AJJ_000_2023,ndvi_annual_std,filled_zero_single_obs,NaN,0.0
CHI_000_2019,ndvi_annual_std,filled_zero_single_obs,NaN,0.0
CHI_000_2020,ndvi_annual_std,filled_zero_single_obs,NaN,0.0
CHI_000_2021,ndvi_annual_std,filled_zero_single_obs,NaN,0.0
CHI_000_2022,ndvi_annual_std,filled_zero_single_obs,NaN,0.0
CHI_000_2023,ndvi_annual_std,filled_zero_single_obs,NaN,0.0
SIR_000_2019,ndvi_annual_std,filled_zero_single_obs,NaN,0.0
SIR_000_2020,ndvi_annual_std,filled_zero_single_obs,NaN,0.0
SIR_000_2021,ndvi_annual_std,filled_zero_single_obs,NaN,0.0
SIR_000_2022,ndvi_annual_std,filled_zero_single_obs,NaN,0.0
SIR_000_2023,ndvi_annual_std,filled_zero_single_obs,NaN,0.0
PAV_000_2019,ndvi_annual_std,filled_zero_single_obs,NaN,0.0
PAV_000_2020,ndvi_annual_std,filled_zero_single_obs,NaN,0.0
PAV_000_2021,ndvi_annual_std,filled_zero_single_obs,NaN,0.0
PAV_000_2022,ndvi_annual_std,filled_zero_single_obs,NaN,0.0
PAV_000_2023,ndvi_annual_std,filled_zero_single_obs,NaN,0.0
MAD_000_2019,ndvi_annual_std,filled_zero_single_obs,NaN,0.0
MAD_000_2020,ndvi_annual_std,filled_zero_single_obs,NaN,0.0
MAD_000_2021,ndvi_annual_std,filled_zero_single_obs,NaN,0.0
MAD_000_2022,ndvi_annual_std,filled_zero_single_obs,NaN,0.0
MAD_000_2023,ndvi_annual_std,filled_zero_single_obs,NaN,0.0
KOR_000_2019,ndvi_annual_std,filled_zero_single_obs,NaN,0.0
KOR_000_2020,ndvi_annual_std,filled_zero_single_obs,NaN,0.0
KOR_000_2021,ndvi_annual_std,filled_zero_single_obs,NaN,0.0
KOR_000_2022,ndvi_annual_std,filled_zero_single_obs,NaN,0.0
KOR_000_2023,ndvi_annual_std,filled_zero_single_obs,NaN,0.0
TUM_000_2019,ndvi_annual_std,filled_zero_single_obs,NaN,0.0
TUM_000_2020,ndvi_annual_std,filled_zero_single_obs,NaN,0.0
TUM_000_2021,ndvi_annual_std,filled_zero_single_obs,NaN,0.0
TUM_000_2022,ndvi_annual_std,filled_zero_single_obs,NaN,0.0
TUM_000_2023,ndvi_annual_std,filled_zero_single_obs,NaN,0.0
GUB_000_2019,ndvi_annual_std,filled_zero_single_obs,NaN,0.0
GUB_000_2020,ndvi_annual_std,filled_zero_single_obs,NaN,0.0
GUB_000_2021,ndvi_annual_std,filled_zero_single_obs,NaN,0.0
GUB_000_2022,ndvi_annual_std,filled_zero_single_obs,NaN,0.0
GUB_000_2023,ndvi_annual_std,filled_zero_single_obs,NaN,0.0
TIP_000_2019,ndvi_annual_std,filled_zero_single_obs,NaN,0.0
TIP_000_2020,ndvi_annual_std,filled_zero_single_obs,NaN,0.0
TIP_000_2021,ndvi_annual_std,filled_zero_single_obs,NaN,0.0
TIP_000_2022,ndvi_annual_std,filled_zero_single_obs,NaN,0.0
TIP_000_2023,ndvi_annual_std,filled_zero_single_obs,NaN,0.0
TUR_000_2019,ndvi_annual_std,filled_zero_single_obs,NaN,0.0
TUR_000_2020,ndvi_annual_std,filled_zero_single_obs,NaN,0.0
TUR_000_2021,ndvi_annual_std,filled_zero_single_obs,NaN,0.0
TUR_000_2022,ndvi_annual_std,filled_zero_single_obs,NaN,0.0
TUR_000_2023,ndvi_annual_std,filled_zero_single_obs,NaN,0.0
KUN_000_2019,ndvi_annual_std,filled_zero_single_obs,NaN,0.0
KUN_000_2020,ndvi_annual_std,filled_zero_single_obs,NaN,0.0
KUN_000_2021,ndvi_annual_std,filled_zero_single_obs,NaN,0.0
KUN_000_2022,ndvi_annual_std,filled_zero_single_obs,NaN,0.0
KUN_000_2023,ndvi_annual_std,filled_zero_single_obs,NaN,0.0
SRI_000_2019,ndvi_annual_std,filled_zero_single_obs,NaN,0.0
SRI_000_2020,ndvi_annual_std,filled_zero_single_obs,NaN,0.0
SRI_000_2021,ndvi_annual_std,filled_zero_single_obs,NaN,0.0
SRI_000_2022,ndvi_annual_std,filled_zero_single_obs,NaN,0.0
SRI_000_2023,ndvi_annual_std,filled_zero_single_obs,NaN,0.0
KOL_000_2019,ndvi_annual_std,filled_zero_single_obs,NaN,0.0
KOL_000_2020,ndvi_annual_std,filled_zero_single_obs,NaN,0.0
KOL_000_2021,ndvi_annual_std,filled_zero_single_obs,NaN,0.0
KOL_000_2022,ndvi_annual_std,filled_zero_single_obs,NaN,0.0
KOL_000_2023,ndvi_annual_std,filled_zero_single_obs,NaN,0.0
MAL_000_2019,ndvi_annual_std,filled_zero_single_obs,NaN,0.0
MAL_000_2020,ndvi_annual_std,filled_zero_single_obs,NaN,0.0
MAL_000_2021,ndvi_annual_std,filled_zero_single_obs,NaN,0.0
MAL_000_2022,ndvi_annual_std,filled_zero_single_obs,NaN,0.0
MAL_000_2023,ndvi_annual_std,filled_zero_single_obs,NaN,0.0
MUL_000_2019,ndvi_annual_std,filled_zero_single_obs,NaN,0.0
MUL_000_2020,ndvi_annual_std,filled_zero_single_obs,NaN,0.0
MUL_000_2021,ndvi_annual_std,filled_zero_single_obs,NaN,0.0
MUL_000_2022,ndvi_annual_std,filled_zero_single_obs,NaN,0.0
MUL_000_2023,ndvi_annual_std,filled_zero_single_obs,NaN,0.0
KOL_000_2019,ndvi_annual_std,filled_zero_single_obs,NaN,0.0
KOL_000_2020,ndvi_annual_std,filled_zero_single_obs,NaN,0.0
KOL_000_2021,ndvi_annual_std,filled_zero_single_obs,NaN,0.0
KOL_000_2022,ndvi_annual_std,filled_zero_single_obs,NaN,0.0
KOL_000_2023,ndvi_annual_std,filled_zero_single_obs,NaN,0.0
BAN_000_2019,ndvi_annual_std,filled_zero_single_obs,NaN,0.0
BAN_000_2020,ndvi_annual_std,filled_zero_single_obs,NaN,0.0
BAN_000_2021,ndvi_annual_std,filled_zero_single_obs,NaN,0.0
BAN_000_2022,ndvi_annual_std,filled_zero_single_obs,NaN,0.0
BAN_000_2023,ndvi_annual_std,filled_zero_single_obs,NaN,0.0
BAN_000_2019,ndvi_annual_std,filled_zero_single_obs,NaN,0.0
BAN_000_2020,ndvi_annual_std,filled_zero_single_obs,NaN,0.0
BAN_000_2021,ndvi_annual_std,filled_zero_single_obs,NaN,0.0
BAN_000_2022,ndvi_annual_std,filled_zero_single_obs,NaN,0.0
BAN_000_2023,ndvi_annual_std,filled_zero_single_obs,NaN,0.0
ANE_000_2019,ndvi_annual_std,filled_zero_single_obs,NaN,0.0
ANE_000_2020,ndvi_annual_std,filled_zero_single_obs,NaN,0.0
ANE_000_2021,ndvi_annual_std,filled_zero_single_obs,NaN,0.0
ANE_000_2022,ndvi_annual_std,filled_zero_single_obs,NaN,0.0
ANE_000_2023,ndvi_annual_std,filled_zero_single_obs,NaN,0.0
BAN_001_2019,ndvi_annual_std,filled_zero_single_obs,NaN,0.0
BAN_001_2020,ndvi_annual_std,filled_zero_single_obs,NaN,0.0
BAN_001_2021,ndvi_annual_std,filled_zero_single_obs,NaN,0.0
BAN_001_2022,ndvi_annual_std,filled_zero_single_obs,NaN,0.0
BAN_001_2023,ndvi_annual_std,filled_zero_single_obs,NaN,0.0
NEL_000_2019,ndvi_annual_std,filled_zero_single_obs,NaN,0.0
NEL_000_2020,ndvi_annual_std,filled_zero_single_obs,NaN,0.0
NEL_000_2021,ndvi_annual_std,filled_zero_single_obs,NaN,0.0
NEL_000_2022,ndvi_annual_std,filled_zero_single_obs,NaN,0.0
NEL_000_2023,ndvi_annual_std,filled_zero_single_obs,NaN,0.0
DOD_001_2019,ndvi_annual_std,filled_zero_single_obs,NaN,0.0
DOD_001_2020,ndvi_annual_std,filled_zero_single_obs,NaN,0.0
DOD_001_2021,ndvi_annual_std,filled_zero_single_obs,NaN,0.0
DOD_001_2022,ndvi_annual_std,filled_zero_single_obs,NaN,0.0
DOD_001_2023,ndvi_annual_std,filled_zero_single_obs,NaN,0.0
DEV_000_2019,ndvi_annual_std,filled_zero_single_obs,NaN,0.0
DEV_000_2020,ndvi_annual_std,filled_zero_single_obs,NaN,0.0
DEV_000_2021,ndvi_annual_std,filled_zero_single_obs,NaN,0.0
DEV_000_2022,ndvi_annual_std,filled_zero_single_obs,NaN,0.0
DEV_000_2023,ndvi_annual_std,filled_zero_single_obs,NaN,0.0
HOS_001_2019,ndvi_annual_std,filled_zero_single_obs,NaN,0.0
HOS_001_2020,ndvi_annual_std,filled_zero_single_obs,NaN,0.0
HOS_001_2021,ndvi_annual_std,filled_zero_single_obs,NaN,0.0
HOS_001_2022,ndvi_annual_std,filled_zero_single_obs,NaN,0.0
HOS_001_2023,ndvi_annual_std,filled_zero_single_obs,NaN,0.0
KRI_000_2019,ndvi_annual_std,filled_zero_single_obs,NaN,0.0
KRI_000_2020,ndvi_annual_std,filled_zero_single_obs,NaN,0.0
KRI_000_2021,ndvi_annual_std,filled_zero_single_obs,NaN,0.0
KRI_000_2022,ndvi_annual_std,filled_zero_single_obs,NaN,0.0
KRI_000_2023,ndvi_annual_std,filled_zero_single_obs,NaN,0.0
NAG_001_2019,ndvi_annual_std,filled_zero_single_obs,NaN,0.0
NAG_001_2020,ndvi_annual_std,filled_zero_single_obs,NaN,0.0
NAG_001_2021,ndvi_annual_std,filled_zero_single_obs,NaN,0.0
NAG_001_2022,ndvi_annual_std,filled_zero_single_obs,NaN,0.0
NAG_001_2023,ndvi_annual_std,filled_zero_single_obs,NaN,0.0
PAN_000_2019,ndvi_annual_std,filled_zero_single_obs,NaN,0.0
PAN_000_2020,ndvi_annual_std,filled_zero_single_obs,NaN,0.0
PAN_000_2021,ndvi_annual_std,filled_zero_single_obs,NaN,0.0
PAN_000_2022,ndvi_annual_std,filled_zero_single_obs,NaN,0.0
PAN_000_2023,ndvi_annual_std,filled_zero_single_obs,NaN,0.0
SRI_000_2019,ndvi_annual_std,filled_zero_single_obs,NaN,0.0
SRI_000_2020,ndvi_annual_std,filled_zero_single_obs,NaN,0.0
SRI_000_2021,ndvi_annual_std,filled_zero_single_obs,NaN,0.0
SRI_000_2022,ndvi_annual_std,filled_zero_single_obs,NaN,0.0
SRI_000_2023,ndvi_annual_std,filled_zero_single_obs,NaN,0.0
MAN_000_2019,ndvi_annual_std,filled_zero_single_obs,NaN,0.0
MAN_000_2020,ndvi_annual_std,filled_zero_single_obs,NaN,0.0
MAN_000_2021,ndvi_annual_std,filled_zero_single_obs,NaN,0.0
MAN_000_2022,ndvi_annual_std,filled_zero_single_obs,NaN,0.0
MAN_000_2023,ndvi_annual_std,filled_zero_single_obs,NaN,0.0
MAD_000_2019,ndvi_annual_std,filled_zero_single_obs,NaN,0.0
MAD_000_2020,ndvi_annual_std,filled_zero_single_obs,NaN,0.0
MAD_000_2021,ndvi_annual_std,filled_zero_single_obs,NaN,0.0
MAD_000_2022,ndvi_annual_std,filled_zero_single_obs,NaN,0.0
MAD_000_2023,ndvi_annual_std,filled_zero_single_obs,NaN,0.0
MAL_000_2019,ndvi_annual_std,filled_zero_single_obs,NaN,0.0
MAL_000_2020,ndvi_annual_std,filled_zero_single_obs,NaN,0.0
MAL_000_2021,ndvi_annual_std,filled_zero_single_obs,NaN,0.0
MAL_000_2022,ndvi_annual_std,filled_zero_single_obs,NaN,0.0
MAL_000_2023,ndvi_annual_std,filled_zero_single_obs,NaN,0.0
SAK_000_2019,ndvi_annual_std,filled_zero_single_obs,NaN,0.0
SAK_000_2020,ndvi_annual_std,filled_zero_single_obs,NaN,0.0
SAK_000_2021,ndvi_annual_std,filled_zero_single_obs,NaN,0.0
SAK_000_2022,ndvi_annual_std,filled_zero_single_obs,NaN,0.0
SAK_000_2023,ndvi_annual_std,filled_zero_single_obs,NaN,0.0
BEL_000_2019,ndvi_annual_std,filled_zero_single_obs,NaN,0.0
BEL_000_2020,ndvi_annual_std,filled_zero_single_obs,NaN,0.0
BEL_000_2021,ndvi_annual_std,filled_zero_single_obs,NaN,0.0
BEL_000_2022,ndvi_annual_std,filled_zero_single_obs,NaN,0.0
BEL_000_2023,ndvi_annual_std,filled_zero_single_obs,NaN,0.0
ARS_000_2019,ndvi_annual_std,filled_zero_single_obs,NaN,0.0
ARS_000_2020,ndvi_annual_std,filled_zero_single_obs,NaN,0.0
ARS_000_2021,ndvi_annual_std,filled_zero_single_obs,NaN,0.0
ARS_000_2022,ndvi_annual_std,filled_zero_single_obs,NaN,0.0
ARS_000_2023,ndvi_annual_std,filled_zero_single_obs,NaN,0.0
HAS_000_2019,ndvi_annual_std,filled_zero_single_obs,NaN,0.0
HAS_000_2020,ndvi_annual_std,filled_zero_single_obs,NaN,0.0
HAS_000_2021,ndvi_annual_std,filled_zero_single_obs,NaN,0.0
HAS_000_2022,ndvi_annual_std,filled_zero_single_obs,NaN,0.0
HAS_000_2023,ndvi_annual_std,filled_zero_single_obs,NaN,0.0
ALU_001_2019,ndvi_annual_std,filled_zero_single_obs,NaN,0.0
ALU_001_2020,ndvi_annual_std,filled_zero_single_obs,NaN,0.0
ALU_001_2021,ndvi_annual_std,filled_zero_single_obs,NaN,0.0
ALU_001_2022,ndvi_annual_std,filled_zero_single_obs,NaN,0.0
ALU_001_2023,ndvi_annual_std,filled_zero_single_obs,NaN,0.0
ARK_000_2019,ndvi_annual_std,filled_zero_single_obs,NaN,0.0
ARK_000_2020,ndvi_annual_std,filled_zero_single_obs,NaN,0.0
ARK_000_2021,ndvi_annual_std,filled_zero_single_obs,NaN,0.0
ARK_000_2022,ndvi_annual_std,filled_zero_single_obs,NaN,0.0
ARK_000_2023,ndvi_annual_std,filled_zero_single_obs,NaN,0.0
HOL_000_2019,ndvi_annual_std,filled_zero_single_obs,NaN,0.0
HOL_000_2020,ndvi_annual_std,filled_zero_single_obs,NaN,0.0
HOL_000_2021,ndvi_annual_std,filled_zero_single_obs,NaN,0.0
HOL_000_2022,ndvi_annual_std,filled_zero_single_obs,NaN,0.0
HOL_000_2023,ndvi_annual_std,filled_zero_single_obs,NaN,0.0
CHA_000_2019,ndvi_annual_std,filled_zero_single_obs,NaN,0.0
CHA_000_2020,ndvi_annual_std,filled_zero_single_obs,NaN,0.0
CHA_000_2021,ndvi_annual_std,filled_zero_single_obs,NaN,0.0
CHA_000_2022,ndvi_annual_std,filled_zero_single_obs,NaN,0.0
CHA_000_2023,ndvi_annual_std,filled_zero_single_obs,NaN,0.0
MAN_002_2019,ndvi_annual_std,filled_zero_single_obs,NaN,0.0
MAN_002_2020,ndvi_annual_std,filled_zero_single_obs,NaN,0.0
MAN_002_2021,ndvi_annual_std,filled_zero_single_obs,NaN,0.0
MAN_002_2022,ndvi_annual_std,filled_zero_single_obs,NaN,0.0
MAN_002_2023,ndvi_annual_std,filled_zero_single_obs,NaN,0.0
BAN_000_2019,ndvi_annual_std,filled_zero_single_obs,NaN,0.0
BAN_000_2020,ndvi_annual_std,filled_zero_single_obs,NaN,0.0
BAN_000_2021,ndvi_annual_std,filled_zero_single_obs,NaN,0.0
BAN_000_2022,ndvi_annual_std,filled_zero_single_obs,NaN,0.0
BAN_000_2023,ndvi_annual_std,filled_zero_single_obs,NaN,0.0
BEL_000_2019,ndvi_annual_std,filled_zero_single_obs,NaN,0.0
BEL_000_2020,ndvi_annual_std,filled_zero_single_obs,NaN,0.0
BEL_000_2021,ndvi_annual_std,filled_zero_single_obs,NaN,0.0
BEL_000_2022,ndvi_annual_std,filled_zero_single_obs,NaN,0.0
BEL_000_2023,ndvi_annual_std,filled_zero_single_obs,NaN,0.0
PUT_000_2019,ndvi_annual_std,filled_zero_single_obs,NaN,0.0
PUT_000_2020,ndvi_annual_std,filled_zero_single_obs,NaN,0.0
PUT_000_2021,ndvi_annual_std,filled_zero_single_obs,NaN,0.0
PUT_000_2022,ndvi_annual_std,filled_zero_single_obs,NaN,0.0
PUT_000_2023,ndvi_annual_std,filled_zero_single_obs,NaN,0.0
SUL_000_2019,ndvi_annual_std,filled_zero_single_obs,NaN,0.0
SUL_000_2020,ndvi_annual_std,filled_zero_single_obs,NaN,0.0
SUL_000_2021,ndvi_annual_std,filled_zero_single_obs,NaN,0.0
SUL_000_2022,ndvi_annual_std,filled_zero_single_obs,NaN,0.0
SUL_000_2023,ndvi_annual_std,filled_zero_single_obs,NaN,0.0
MOO_000_2019,ndvi_annual_std,filled_zero_single_obs,NaN,0.0
MOO_000_2020,ndvi_annual_std,filled_zero_single_obs,NaN,0.0
MOO_000_2021,ndvi_annual_std,filled_zero_single_obs,NaN,0.0
MOO_000_2022,ndvi_annual_std,filled_zero_single_obs,NaN,0.0
MOO_000_2023,ndvi_annual_std,filled_zero_single_obs,NaN,0.0
KAD_000_2019,ndvi_annual_std,filled_zero_single_obs,NaN,0.0
KAD_000_2020,ndvi_annual_std,filled_zero_single_obs,NaN,0.0
KAD_000_2021,ndvi_annual_std,filled_zero_single_obs,NaN,0.0
KAD_000_2022,ndvi_annual_std,filled_zero_single_obs,NaN,0.0
KAD_000_2023,ndvi_annual_std,filled_zero_single_obs,NaN,0.0
MAD_000_2019,ndvi_annual_std,filled_zero_single_obs,NaN,0.0
MAD_000_2020,ndvi_annual_std,filled_zero_single_obs,NaN,0.0
MAD_000_2021,ndvi_annual_std,filled_zero_single_obs,NaN,0.0
MAD_000_2022,ndvi_annual_std,filled_zero_single_obs,NaN,0.0
MAD_000_2023,ndvi_annual_std,filled_zero_single_obs,NaN,0.0
SOM_001_2019,ndvi_annual_std,filled_zero_single_obs,NaN,0.0
SOM_001_2020,ndvi_annual_std,filled_zero_single_obs,NaN,0.0
SOM_001_2021,ndvi_annual_std,filled_zero_single_obs,NaN,0.0
SOM_001_2022,ndvi_annual_std,filled_zero_single_obs,NaN,0.0
SOM_001_2023,ndvi_annual_std,filled_zero_single_obs,NaN,0.0
VIR_000_2019,ndvi_annual_std,filled_zero_single_obs,NaN,0.0
VIR_000_2020,ndvi_annual_std,filled_zero_single_obs,NaN,0.0
VIR_000_2021,ndvi_annual_std,filled_zero_single_obs,NaN,0.0
VIR_000_2022,ndvi_annual_std,filled_zero_single_obs,NaN,0.0
VIR_000_2023,ndvi_annual_std,filled_zero_single_obs,NaN,0.0
PIR_000_2019,ndvi_annual_std,filled_zero_single_obs,NaN,0.0
PIR_000_2020,ndvi_annual_std,filled_zero_single_obs,NaN,0.0
PIR_000_2021,ndvi_annual_std,filled_zero_single_obs,NaN,0.0
PIR_000_2022,ndvi_annual_std,filled_zero_single_obs,NaN,0.0
PIR_000_2023,ndvi_annual_std,filled_zero_single_obs,NaN,0.0
HUN_000_2019,ndvi_annual_std,filled_zero_single_obs,NaN,0.0
HUN_000_2020,ndvi_annual_std,filled_zero_single_obs,NaN,0.0
HUN_000_2021,ndvi_annual_std,filled_zero_single_obs,NaN,0.0
HUN_000_2022,ndvi_annual_std,filled_zero_single_obs,NaN,0.0
HUN_000_2023,ndvi_annual_std,filled_zero_single_obs,NaN,0.0
SAL_000_2019,ndvi_annual_std,filled_zero_single_obs,NaN,0.0
SAL_000_2020,ndvi_annual_std,filled_zero_single_obs,NaN,0.0
SAL_000_2021,ndvi_annual_std,filled_zero_single_obs,NaN,0.0
SAL_000_2022,ndvi_annual_std,filled_zero_single_obs,NaN,0.0
SAL_000_2023,ndvi_annual_std,filled_zero_single_obs,NaN,0.0
MYS_000_2019,ndvi_annual_std,filled_zero_single_obs,NaN,0.0
MYS_000_2020,ndvi_annual_std,filled_zero_single_obs,NaN,0.0
MYS_000_2021,ndvi_annual_std,filled_zero_single_obs,NaN,0.0
MYS_000_2022,ndvi_annual_std,filled_zero_single_obs,NaN,0.0
MYS_000_2023,ndvi_annual_std,filled_zero_single_obs,NaN,0.0
HEG_001_2019,ndvi_annual_std,filled_zero_single_obs,NaN,0.0
HEG_001_2020,ndvi_annual_std,filled_zero_single_obs,NaN,0.0
HEG_001_2021,ndvi_annual_std,filled_zero_single_obs,NaN,0.0
HEG_001_2022,ndvi_annual_std,filled_zero_single_obs,NaN,0.0
HEG_001_2023,ndvi_annual_std,filled_zero_single_obs,NaN,0.0
NAN_000_2019,ndvi_annual_std,filled_zero_single_obs,NaN,0.0
NAN_000_2020,ndvi_annual_std,filled_zero_single_obs,NaN,0.0
NAN_000_2021,ndvi_annual_std,filled_zero_single_obs,NaN,0.0
NAN_000_2022,ndvi_annual_std,filled_zero_single_obs,NaN,0.0
NAN_000_2023,ndvi_annual_std,filled_zero_single_obs,NaN,0.0
T.N_000_2019,ndvi_annual_std,filled_zero_single_obs,NaN,0.0
T.N_000_2020,ndvi_annual_std,filled_zero_single_obs,NaN,0.0
T.N_000_2021,ndvi_annual_std,filled_zero_single_obs,NaN,0.0
T.N_000_2022,ndvi_annual_std,filled_zero_single_obs,NaN,0.0
T.N_000_2023,ndvi_annual_std,filled_zero_single_obs,NaN,0.0
SAR_000_2019,ndvi_annual_std,filled_zero_single_obs,NaN,0.0
SAR_000_2020,ndvi_annual_std,filled_zero_single_obs,NaN,0.0
SAR_000_2021,ndvi_annual_std,filled_zero_single_obs,NaN,0.0
SAR_000_2022,ndvi_annual_std,filled_zero_single_obs,NaN,0.0
SAR_000_2023,ndvi_annual_std,filled_zero_single_obs,NaN,0.0
GUN_000_2019,ndvi_annual_std,filled_zero_single_obs,NaN,0.0
GUN_000_2020,ndvi_annual_std,filled_zero_single_obs,NaN,0.0
GUN_000_2021,ndvi_annual_std,filled_zero_single_obs,NaN,0.0
GUN_000_2022,ndvi_annual_std,filled_zero_single_obs,NaN,0.0
GUN_000_2023,ndvi_annual_std,filled_zero_single_obs,NaN,0.0
CHA_000_2019,ndvi_annual_std,filled_zero_single_obs,NaN,0.0
CHA_000_2020,ndvi_annual_std,filled_zero_single_obs,NaN,0.0
CHA_000_2021,ndvi_annual_std,filled_zero_single_obs,NaN,0.0
CHA_000_2022,ndvi_annual_std,filled_zero_single_obs,NaN,0.0
CHA_000_2023,ndvi_annual_std,filled_zero_single_obs,NaN,0.0
YAL_000_2019,ndvi_annual_std,filled_zero_single_obs,NaN,0.0
YAL_000_2020,ndvi_annual_std,filled_zero_single_obs,NaN,0.0
YAL_000_2021,ndvi_annual_std,filled_zero_single_obs,NaN,0.0
YAL_000_2022,ndvi_annual_std,filled_zero_single_obs,NaN,0.0
YAL_000_2023,ndvi_annual_std,filled_zero_single_obs,NaN,0.0
KOL_000_2019,ndvi_annual_std,filled_zero_single_obs,NaN,0.0
KOL_000_2020,ndvi_annual_std,filled_zero_single_obs,NaN,0.0
KOL_000_2021,ndvi_annual_std,filled_zero_single_obs,NaN,0.0
KOL_000_2022,ndvi_annual_std,filled_zero_single_obs,NaN,0.0
KOL_000_2023,ndvi_annual_std,filled_zero_single_obs,NaN,0.0
HAN_000_2019,ndvi_annual_std,filled_zero_single_obs,NaN,0.0
HAN_000_2020,ndvi_annual_std,filled_zero_single_obs,NaN,0.0
HAN_000_2021,ndvi_annual_std,filled_zero_single_obs,NaN,0.0
HAN_000_2022,ndvi_annual_std,filled_zero_single_obs,NaN,0.0
HAN_000_2023,ndvi_annual_std,filled_zero_single_obs,NaN,0.0
GAU_000_2019,ndvi_annual_std,filled_zero_single_obs,NaN,0.0
GAU_000_2020,ndvi_annual_std,filled_zero_single_obs,NaN,0.0
GAU_000_2021,ndvi_annual_std,filled_zero_single_obs,NaN,0.0
GAU_000_2022,ndvi_annual_std,filled_zero_single_obs,NaN,0.0
GAU_000_2023,ndvi_annual_std,filled_zero_single_obs,NaN,0.0
CHI_000_2019,ndvi_annual_std,filled_zero_single_obs,NaN,0.0
CHI_000_2020,ndvi_annual_std,filled_zero_single_obs,NaN,0.0
CHI_000_2021,ndvi_annual_std,filled_zero_single_obs,NaN,0.0
CHI_000_2022,ndvi_annual_std,filled_zero_single_obs,NaN,0.0
CHI_000_2023,ndvi_annual_std,filled_zero_single_obs,NaN,0.0
GUD_000_2019,ndvi_annual_std,filled_zero_single_obs,NaN,0.0
GUD_000_2020,ndvi_annual_std,filled_zero_single_obs,NaN,0.0
GUD_000_2021,ndvi_annual_std,filled_zero_single_obs,NaN,0.0
GUD_000_2022,ndvi_annual_std,filled_zero_single_obs,NaN,0.0
GUD_000_2023,ndvi_annual_std,filled_zero_single_obs,NaN,0.0
BAG_000_2019,ndvi_annual_std,filled_zero_single_obs,NaN,0.0
BAG_000_2020,ndvi_annual_std,filled_zero_single_obs,NaN,0.0
BAG_000_2021,ndvi_annual_std,filled_zero_single_obs,NaN,0.0
BAG_000_2022,ndvi_annual_std,filled_zero_single_obs,NaN,0.0
BAG_000_2023,ndvi_annual_std,filled_zero_single_obs,NaN,0.0
SHI_000_2019,ndvi_annual_std,filled_zero_single_obs,NaN,0.0
SHI_000_2020,ndvi_annual_std,filled_zero_single_obs,NaN,0.0
SHI_000_2021,ndvi_annual_std,filled_zero_single_obs,NaN,0.0
SHI_000_2022,ndvi_annual_std,filled_zero_single_obs,NaN,0.0
SHI_000_2023,ndvi_annual_std,filled_zero_single_obs,NaN,0.0
CHI_000_2019,ndvi_annual_std,filled_zero_single_obs,NaN,0.0
CHI_000_2020,ndvi_annual_std,filled_zero_single_obs,NaN,0.0
CHI_000_2021,ndvi_annual_std,filled_zero_single_obs,NaN,0.0
CHI_000_2022,ndvi_annual_std,filled_zero_single_obs,NaN,0.0
CHI_000_2023,ndvi_annual_std,filled_zero_single_obs,NaN,0.0
MAG_000_2019,ndvi_annual_std,filled_zero_single_obs,NaN,0.0
MAG_000_2020,ndvi_annual_std,filled_zero_single_obs,NaN,0.0
MAG_000_2021,ndvi_annual_std,filled_zero_single_obs,NaN,0.0
MAG_000_2022,ndvi_annual_std,filled_zero_single_obs,NaN,0.0
MAG_000_2023,ndvi_annual_std,filled_zero_single_obs,NaN,0.0
RAM_000_2019,ndvi_annual_std,filled_zero_single_obs,NaN,0.0
RAM_000_2020,ndvi_annual_std,filled_zero_single_obs,NaN,0.0
RAM_000_2021,ndvi_annual_std,filled_zero_single_obs,NaN,0.0
RAM_000_2022,ndvi_annual_std,filled_zero_single_obs,NaN,0.0
RAM_000_2023,ndvi_annual_std,filled_zero_single_obs,NaN,0.0
CHA_000_2019,ndvi_annual_std,filled_zero_single_obs,NaN,0.0
CHA_000_2020,ndvi_annual_std,filled_zero_single_obs,NaN,0.0
CHA_000_2021,ndvi_annual_std,filled_zero_single_obs,NaN,0.0
CHA_000_2022,ndvi_annual_std,filled_zero_single_obs,NaN,0.0
CHA_000_2023,ndvi_annual_std,filled_zero_single_obs,NaN,0.0
YAD_000_2019,ndvi_annual_std,filled_zero_single_obs,NaN,0.0
YAD_000_2020,ndvi_annual_std,filled_zero_single_obs,NaN,0.0
YAD_000_2021,ndvi_annual_std,filled_zero_single_obs,NaN,0.0
YAD_000_2022,ndvi_annual_std,filled_zero_single_obs,NaN,0.0
YAD_000_2023,ndvi_annual_std,filled_zero_single_obs,NaN,0.0
SHA_000_2019,ndvi_annual_std,filled_zero_single_obs,NaN,0.0
SHA_000_2020,ndvi_annual_std,filled_zero_single_obs,NaN,0.0
SHA_000_2021,ndvi_annual_std,filled_zero_single_obs,NaN,0.0
SHA_000_2022,ndvi_annual_std,filled_zero_single_obs,NaN,0.0
SHA_000_2023,ndvi_annual_std,filled_zero_single_obs,NaN,0.0
SHO_000_2019,ndvi_annual_std,filled_zero_single_obs,NaN,0.0
SHO_000_2020,ndvi_annual_std,filled_zero_single_obs,NaN,0.0
SHO_000_2021,ndvi_annual_std,filled_zero_single_obs,NaN,0.0
SHO_000_2022,ndvi_annual_std,filled_zero_single_obs,NaN,0.0
SHO_000_2023,ndvi_annual_std,filled_zero_single_obs,NaN,0.0
GUR_000_2019,ndvi_annual_std,filled_zero_single_obs,NaN,0.0
GUR_000_2020,ndvi_annual_std,filled_zero_single_obs,NaN,0.0
GUR_000_2021,ndvi_annual_std,filled_zero_single_obs,NaN,0.0
GUR_000_2022,ndvi_annual_std,filled_zero_single_obs,NaN,0.0
GUR_000_2023,ndvi_annual_std,filled_zero_single_obs,NaN,0.0
WAD_000_2019,ndvi_annual_std,filled_zero_single_obs,NaN,0.0
WAD_000_2020,ndvi_annual_std,filled_zero_single_obs,NaN,0.0
WAD_000_2021,ndvi_annual_std,filled_zero_single_obs,NaN,0.0
WAD_000_2022,ndvi_annual_std,filled_zero_single_obs,NaN,0.0
WAD_000_2023,ndvi_annual_std,filled_zero_single_obs,NaN,0.0
HUN_000_2019,ndvi_annual_std,filled_zero_single_obs,NaN,0.0
HUN_000_2020,ndvi_annual_std,filled_zero_single_obs,NaN,0.0
HUN_000_2021,ndvi_annual_std,filled_zero_single_obs,NaN,0.0
HUN_000_2022,ndvi_annual_std,filled_zero_single_obs,NaN,0.0
HUN_000_2023,ndvi_annual_std,filled_zero_single_obs,NaN,0.0
PON_000_2019,ndvi_annual_std,filled_zero_single_obs,NaN,0.0
PON_000_2020,ndvi_annual_std,filled_zero_single_obs,NaN,0.0
PON_000_2021,ndvi_annual_std,filled_zero_single_obs,NaN,0.0
PON_000_2022,ndvi_annual_std,filled_zero_single_obs,NaN,0.0
PON_000_2023,ndvi_annual_std,filled_zero_single_obs,NaN,0.0
KUS_000_2019,ndvi_annual_std,filled_zero_single_obs,NaN,0.0
KUS_000_2020,ndvi_annual_std,filled_zero_single_obs,NaN,0.0
KUS_000_2021,ndvi_annual_std,filled_zero_single_obs,NaN,0.0
KUS_000_2022,ndvi_annual_std,filled_zero_single_obs,NaN,0.0
KUS_000_2023,ndvi_annual_std,filled_zero_single_obs,NaN,0.0
HOS_000_2019,ndvi_annual_std,filled_zero_single_obs,NaN,0.0
HOS_000_2020,ndvi_annual_std,filled_zero_single_obs,NaN,0.0
HOS_000_2021,ndvi_annual_std,filled_zero_single_obs,NaN,0.0
HOS_000_2022,ndvi_annual_std,filled_zero_single_obs,NaN,0.0
HOS_000_2023,ndvi_annual_std,filled_zero_single_obs,NaN,0.0
THI_000_2019,ndvi_annual_std,filled_zero_single_obs,NaN,0.0
THI_000_2020,ndvi_annual_std,filled_zero_single_obs,NaN,0.0
THI_000_2021,ndvi_annual_std,filled_zero_single_obs,NaN,0.0
THI_000_2022,ndvi_annual_std,filled_zero_single_obs,NaN,0.0
THI_000_2023,ndvi_annual_std,filled_zero_single_obs,NaN,0.0
HIR_000_2019,ndvi_annual_std,filled_zero_single_obs,NaN,0.0
HIR_000_2020,ndvi_annual_std,filled_zero_single_obs,NaN,0.0
HIR_000_2021,ndvi_annual_std,filled_zero_single_obs,NaN,0.0
HIR_000_2022,ndvi_annual_std,filled_zero_single_obs,NaN,0.0
HIR_000_2023,ndvi_annual_std,filled_zero_single_obs,NaN,0.0
ALM_000_2019,ndvi_annual_std,filled_zero_single_obs,NaN,0.0
ALM_000_2020,ndvi_annual_std,filled_zero_single_obs,NaN,0.0
ALM_000_2021,ndvi_annual_std,filled_zero_single_obs,NaN,0.0
ALM_000_2022,ndvi_annual_std,filled_zero_single_obs,NaN,0.0
ALM_000_2023,ndvi_annual_std,filled_zero_single_obs,NaN,0.0
KAL_000_2019,ndvi_annual_std,filled_zero_single_obs,NaN,0.0
KAL_000_2020,ndvi_annual_std,filled_zero_single_obs,NaN,0.0
KAL_000_2021,ndvi_annual_std,filled_zero_single_obs,NaN,0.0
KAL_000_2022,ndvi_annual_std,filled_zero_single_obs,NaN,0.0
KAL_000_2023,ndvi_annual_std,filled_zero_single_obs,NaN,0.0
YAR_000_2019,ndvi_annual_std,filled_zero_single_obs,NaN,0.0
YAR_000_2020,ndvi_annual_std,filled_zero_single_obs,NaN,0.0
YAR_000_2021,ndvi_annual_std,filled_zero_single_obs,NaN,0.0
YAR_000_2022,ndvi_annual_std,filled_zero_single_obs,NaN,0.0
YAR_000_2023,ndvi_annual_std,filled_zero_single_obs,NaN,0.0
ULL_001_2019,ndvi_annual_std,filled_zero_single_obs,NaN,0.0
ULL_001_2020,ndvi_annual_std,filled_zero_single_obs,NaN,0.0
ULL_001_2021,ndvi_annual_std,filled_zero_single_obs,NaN,0.0
ULL_001_2022,ndvi_annual_std,filled_zero_single_obs,NaN,0.0
ULL_001_2023,ndvi_annual_std,filled_zero_single_obs,NaN,0.0
MUL_000_2019,ndvi_annual_std,filled_zero_single_obs,NaN,0.0
MUL_000_2020,ndvi_annual_std,filled_zero_single_obs,NaN,0.0
MUL_000_2021,ndvi_annual_std,filled_zero_single_obs,NaN,0.0
MUL_000_2022,ndvi_annual_std,filled_zero_single_obs,NaN,0.0
MUL_000_2023,ndvi_annual_std,filled_zero_single_obs,NaN,0.0
YEL_000_2019,ndvi_annual_std,filled_zero_single_obs,NaN,0.0
YEL_000_2020,ndvi_annual_std,filled_zero_single_obs,NaN,0.0
YEL_000_2021,ndvi_annual_std,filled_zero_single_obs,NaN,0.0
YEL_000_2022,ndvi_annual_std,filled_zero_single_obs,NaN,0.0
YEL_000_2023,ndvi_annual_std,filled_zero_single_obs,NaN,0.0
K.R_000_2019,ndvi_annual_std,filled_zero_single_obs,NaN,0.0
K.R_000_2020,ndvi_annual_std,filled_zero_single_obs,NaN,0.0
K.R_000_2021,ndvi_annual_std,filled_zero_single_obs,NaN,0.0
K.R_000_2022,ndvi_annual_std,filled_zero_single_obs,NaN,0.0
K.R_000_2023,ndvi_annual_std,filled_zero_single_obs,NaN,0.0
KAN_000_2019,ndvi_annual_std,filled_zero_single_obs,NaN,0.0
KAN_000_2020,ndvi_annual_std,filled_zero_single_obs,NaN,0.0
KAN_000_2021,ndvi_annual_std,filled_zero_single_obs,NaN,0.0
KAN_000_2022,ndvi_annual_std,filled_zero_single_obs,NaN,0.0
KAN_000_2023,ndvi_annual_std,filled_zero_single_obs,NaN,0.0
HAR_000_2019,ndvi_annual_std,filled_zero_single_obs,NaN,0.0
HAR_000_2020,ndvi_annual_std,filled_zero_single_obs,NaN,0.0
HAR_000_2021,ndvi_annual_std,filled_zero_single_obs,NaN,0.0
HAR_000_2022,ndvi_annual_std,filled_zero_single_obs,NaN,0.0
HAR_000_2023,ndvi_annual_std,filled_zero_single_obs,NaN,0.0
ARA_000_2019,ndvi_annual_std,filled_zero_single_obs,NaN,0.0
ARA_000_2020,ndvi_annual_std,filled_zero_single_obs,NaN,0.0
ARA_000_2021,ndvi_annual_std,filled_zero_single_obs,NaN,0.0
ARA_000_2022,ndvi_annual_std,filled_zero_single_obs,NaN,0.0
ARA_000_2023,ndvi_annual_std,filled_zero_single_obs,NaN,0.0
DEV_000_2019,ndvi_annual_std,filled_zero_single_obs,NaN,0.0
DEV_000_2020,ndvi_annual_std,filled_zero_single_obs,NaN,0.0
DEV_000_2021,ndvi_annual_std,filled_zero_single_obs,NaN,0.0
DEV_000_2022,ndvi_annual_std,filled_zero_single_obs,NaN,0.0
DEV_000_2023,ndvi_annual_std,filled_zero_single_obs,NaN,0.0
TER_000_2019,ndvi_annual_std,filled_zero_single_obs,NaN,0.0
TER_000_2020,ndvi_annual_std,filled_zero_single_obs,NaN,0.0
TER_000_2021,ndvi_annual_std,filled_zero_single_obs,NaN,0.0
TER_000_2022,ndvi_annual_std,filled_zero_single_obs,NaN,0.0
TER_000_2023,ndvi_annual_std,filled_zero_single_obs,NaN,0.0
MAN_000_2019,ndvi_annual_std,filled_zero_single_obs,NaN,0.0
MAN_000_2020,ndvi_annual_std,filled_zero_single_obs,NaN,0.0
MAN_000_2021,ndvi_annual_std,filled_zero_single_obs,NaN,0.0
MAN_000_2022,ndvi_annual_std,filled_zero_single_obs,NaN,0.0
MAN_000_2023,ndvi_annual_std,filled_zero_single_obs,NaN,0.0
CHE_000_2019,ndvi_annual_std,filled_zero_single_obs,NaN,0.0
CHE_000_2020,ndvi_annual_std,filled_zero_single_obs,NaN,0.0
CHE_000_2021,ndvi_annual_std,filled_zero_single_obs,NaN,0.0
CHE_000_2022,ndvi_annual_std,filled_zero_single_obs,NaN,0.0
CHE_000_2023,ndvi_annual_std,filled_zero_single_obs,NaN,0.0
RON_000_2019,ndvi_annual_std,filled_zero_single_obs,NaN,0.0
RON_000_2020,ndvi_annual_std,filled_zero_single_obs,NaN,0.0
RON_000_2021,ndvi_annual_std,filled_zero_single_obs,NaN,0.0
RON_000_2022,ndvi_annual_std,filled_zero_single_obs,NaN,0.0
RON_000_2023,ndvi_annual_std,filled_zero_single_obs,NaN,0.0
BAN_000_2019,ndvi_annual_std,filled_zero_single_obs,NaN,0.0
BAN_000_2020,ndvi_annual_std,filled_zero_single_obs,NaN,0.0
BAN_000_2021,ndvi_annual_std,filled_zero_single_obs,NaN,0.0
BAN_000_2022,ndvi_annual_std,filled_zero_single_obs,NaN,0.0
BAN_000_2023,ndvi_annual_std,filled_zero_single_obs,NaN,0.0
SAV_000_2019,ndvi_annual_mean,capped_negative_to_zero,-0.4037,0.0
SAV_000_2020,ndvi_annual_mean,capped_negative_to_zero,-0.7929,0.0
SAV_000_2021,ndvi_annual_mean,capped_negative_to_zero,-0.3776,0.0
SAV_000_2022,ndvi_annual_mean,capped_negative_to_zero,-0.6339,0.0
SAV_000_2023,ndvi_annual_mean,capped_negative_to_zero,-0.3684,0.0
SAG_000_2019,ndvi_annual_mean,capped_negative_to_zero,-0.1322,0.0
SAG_000_2021,ndvi_annual_mean,capped_negative_to_zero,-0.0101,0.0
SAG_000_2022,ndvi_annual_mean,capped_negative_to_zero,-0.3274,0.0
SAG_000_2023,ndvi_annual_mean,capped_negative_to_zero,-0.2043,0.0
